Height_in_Inches,Weight_in_Kg,Followers Instagram,Followers Tiktok,Followers Twitter,School Max Group,School Count Group,Hometown Max Group,Hometown Count Group,NIL Value
0.37,0.565217391,0.024653491,0.000339286,0.238461538,0.111111111,1,0,0,49000
0.365,0.455242967,0.016032786,0,0,0,0.088235294,0,0,28000
0.38,0.595907928,0.001894831,0,0,0,0,0,0,8700
0.39,0.639386189,0.007239668,6.71E-05,0.066666667,0,0.058823529,0.666666667,0.666666667,13300
0.365,0.524296675,0.002584487,0,0,0,0.088235294,0,0,14700
0.34,0.47314578,0.015515544,0.009071429,0.053846154,0,0.058823529,0,0,34000
0.36,0.460358056,0.004308628,0.000236429,0.046153846,0,0,0,0,20000
0.37,0.578005115,0.008791394,0,0,0,0,0,0,24000
0.38,0.601023018,0.004653456,0,0,0,0.029411765,0,0,21000
0.37,0.511508951,0.012584504,0.000785714,0.016435897,0.111111111,0.029411765,0.111111111,0.111111111,19700
0.375,0.554987212,0.008791394,1.64E-05,0.082051282,0,0,0,0,25000
0.38,0.537084399,0.00482587,0.001428571,0.030769231,0,0,0,0,16100
0.36,0.460358056,0.017239685,2.86E-05,0.035897436,0.222222222,0.058823529,0.222222222,0.222222222,23000
0.385,0.797953964,0.008963809,0,0,0,0,0,0,15900
0.355,0.47826087,0.009653465,0,0,0,0.029411765,0,0,18600
0.39,0.519181586,0.002067245,0,0,0,0.205882353,0,0,18700
0.38,0.588235294,0.004998284,0,0,0,0.058823529,0.111111111,0.111111111,21000
0.35,0.447570332,0.026205218,0.001214286,0.046153846,0,0,0,0,42000
0.365,0.498721228,0.000132759,0.000110714,0.025641026,0,0,0,0,11700
0.36,0.445012788,0.006894839,0,0,0,0,0,0,22000
0.38,0.601023018,0.00861898,0.000180714,0.053846154,0,0,0,0,17700
0.37,0.613810742,0.005343113,0.003642857,0.066666667,0,0,0,0,15800
0.385,0.703324808,0.001560348,0,0,0,0.058823529,0,0,8200
0.37,0.483375959,0.015860372,0.000214286,0.058974359,0,0,0,0,23000
0.375,0.511508951,0.00861898,0.001285714,0.066666667,0,0,0,0,24000
0.36,0.455242967,0.008101738,0,0,0,0.058823529,0,0,5500
0.35,0.434782609,0.009136223,0,0,0,0.058823529,0,0,23000
0.35,0.434782609,0.004481042,7.29E-05,0.024205128,0,0.029411765,0,0,20000
0.365,0.47826087,0.005860355,7.14E-07,0.048717949,0,0.058823529,0,0,21000
0.37,0.524296675,0.004998284,0.000252143,0.048717949,0,0.029411765,0,0,14100
0.38,0.590792839,0.006032769,0,0,0,0,0,0,15600
0.385,0.703324808,0.005687941,0.000196429,0.115384615,0,0,0,0,18000
0.345,0.475703325,0.004481042,0,0,0,0.058823529,0,0,14700
0.35,0.396419437,0.014481059,0.000697143,0.058974359,0,0,0,0,17800
0.365,0.447570332,0.003101729,0.000563571,0.033333333,0,0,0,0,19200
0.37,0.578005115,0.021205209,0.017857143,0.128205128,0,0,0,0,36000
0.375,0.767263427,0.0039638,0,0,0,0,0,0,13300
0.365,0.524296675,0.004481042,0,0,0.111111111,0.117647059,0.111111111,0.111111111,15800
0.355,0.434782609,0.005170699,0,0,0,0,0.111111111,0.111111111,15200
0.385,0.836317136,0.008963809,0,0,0.111111111,1,0,0,15900
0.38,0.562659847,0.009136223,0.0002,0.030769231,0,0.029411765,0,0,26000
0.375,0.754475703,0.003618972,0,0,0.111111111,0.058823529,0.111111111,0.111111111,10100
0.375,0.74168798,0.002412073,0,0,0,0.058823529,0,0,9000
0.38,0.460358056,0,4.29E-06,0.076923077,0,0.029411765,0,0,19700
0.385,0.578005115,0.002412073,6.21E-05,0.046153846,0,0.029411765,0,0,16200
0.375,0.442455243,0.025343147,0.000785714,0.128205128,0,0,0,0,37000
0.385,0.823529412,0.006894839,0,0,0,0.235294118,0,0,13200
0.355,0.465473146,0.002412073,0,0,0,0.176470588,0,0,19100
0.39,0.813299233,0.003274144,7.29E-05,0.084615385,0,0.029411765,0,0,13000
0.385,0.608695652,0,7.14E-07,0.082051282,0,0,0,0,17500
0.38,0.549872123,0.004998284,0,0,0,0,0,0,9400
0.38,0.698209719,0.005343113,0.001642857,0.064102564,0,0.029411765,0,0,21000
0.4,0.690537084,0.003274144,0,0,0,0,0,0,9000
0.355,0.475703325,0.00775691,0,0,0,0.058823529,0,0,18800
0.345,0.396419437,0.0039638,0,0,0,0.029411765,0,0,19000
0.38,0.792838875,0.001722417,0,0,0,0,0,0,12400
0.345,0.485933504,0.007584496,0,0,0,0.147058824,0,0,20000
0.37,0.583120205,0.013101747,0,0,0,0.029411765,0,0,26000
0.375,0.703324808,0.007584496,0,0,0,0.058823529,0.111111111,0.111111111,13000
0.355,0.447570332,0.009481051,0.000126429,0.058974359,0,0,0,0,24000
0.385,0.611253197,0.001648279,0,0,0,0,0,0,13200
0.365,0.588235294,3.45E-06,0,0,0,0.058823529,0,0,15500
0.375,0.601023018,0.006550011,0,0,0,0.117647059,0.111111111,0.111111111,21000
0.385,0.728900256,0.012584504,0.003785714,0.064102564,0,0,0,0,21000
0.37,0.552429668,0.003618972,0,0,0,0.029411765,0,0,18700
0.37,0.524296675,0.007067254,0,0,0,0.088235294,0,0,16500
0.36,0.434782609,0.002929315,0.002357143,0.056410256,0,0,0,0,14000
0.355,0.434782609,0.00861898,0,0,0,0.058823529,0,0,24000
0.37,0.588235294,0.003101729,0.000175714,0.028205128,0,0,0,0,13800
0.365,0.47314578,0.019825896,0,0,0,0,0,0,31000
0.355,0.434782609,0.014653474,0.007357143,0.030769231,0,0,0.111111111,0.111111111,23000
0.375,0.769820972,0.006205183,0.001,0.076923077,0,0.088235294,0,0,10900
0.36,0.460358056,0.012584504,0,0,0,0,0,0,29000
0.355,0.483375959,0.004481042,0,0,0,0,0,0,15000
0.375,0.598465473,0.005170699,0,0,0,0,0,0,21000
0.375,0.782608696,0.001503451,0.017857143,0.028205128,0,0.029411765,0,0,13500
0.37,0.460358056,0.014481059,0.004071429,0.143589744,0,0,0,0,23000
0.375,0.442455243,0.008446566,0.000928571,0.18974359,0,0,0.111111111,0.111111111,26000
0.38,0.698209719,0.003446558,6.43E-05,2.56E-05,0,0,0,0,9000
0.39,0.703324808,0.000601725,0,0,0,0,0.111111111,0.111111111,7900
0.375,0.603580563,0.004481042,0.000201429,0.061538462,0,0,0.111111111,0.111111111,15000
0.36,0.501278772,0.00861898,0,0,0,0,0,0,23000
0.365,0.488491049,0.006722425,0.001,0.033333333,0,0,0,0,22000
0.385,0.677749361,0.003274144,0,0,0,0.029411765,0,0,9300
0.36,0.47314578,0.00775691,0,0,0,0.029411765,0,0,21000
0.38,0.670076726,0.001722417,5.36E-05,0.023641026,0,0,0,0,10700
0.375,0.457800512,0.004998284,0,0,0,0,0,0,20000
0.385,0.805626598,0.001425865,0,0,0,0,0.111111111,0.111111111,8400
0.385,0.588235294,0,0,0,0,0.029411765,0,0,13300
0.39,0.831202046,0,0,0,0,0,0,0,13600
0.37,0.421994885,0.013274161,0,0,0,0,0,0,29000
0.35,0.434782609,0.020860381,0.042142857,0.051282051,0,0.117647059,0,0,35000
0.365,0.42455243,0.013618989,0.023571429,0.051282051,0.222222222,0.058823529,0.222222222,0.222222222,26000
0.37,0.47826087,0.014136231,0.070714286,0.151282051,0,0.029411765,0,0,46000
0.38,0.542199488,0.003274144,0.000122857,0.023205128,0,0.029411765,0,0,13800
0.365,0.442455243,0.02672246,0,0,0,0,0,0,38000
0.39,0.652173913,0.002239659,0,0,0,0,0,0,12500
0.37,0.805626598,0.029136257,6.29E-05,0.284615385,0.111111111,1,0,0,31000
0.39,0.613810742,0.004136214,2.86E-05,0.048717949,0,0,0,0,18700
0.37,0.524296675,0.016377614,0,0,0,0,0,0,39000
0.38,0.74168798,0,0,0,0,0,0,0,11100
0.395,0.818414322,0.002929315,0.00045,0.038461538,0,0,0,0,10300
0.39,0.549872123,0.002929315,0,0,0,0,0,0,18000
0.39,0.690537084,0.002929315,0,0,0,0.176470588,0,0,21000
0.36,0.439897698,0.005343113,0,0,0,0.029411765,0,0,15600
0.38,0.57544757,0.005687941,0.000197143,0.058974359,0,0,0,0,19200
0.39,0.601023018,0.008963809,0.000115,0.1,0,0,0,0,27000
0.38,0.757033248,0.003446558,0,0,0,0,0,0,9500
0.375,0.590792839,0.004653456,0,0,0,0.029411765,0,0,14800
0.39,0.805626598,0.003446558,0,0,0,0,0,0,12700
0.375,0.531969309,0.003446558,0.000152857,0.053846154,0,0.058823529,0,0,14300
0.385,0.677749361,0.009825879,0,0,0,0,0,0,16000
0.395,0.754475703,0.013274161,7.14E-07,0.046153846,0,0.058823529,0,0,18400
0.365,0.442455243,0.037929376,0.045,0.31025641,0.111111111,0.029411765,0.111111111,0.111111111,53000
0.375,0.537084399,0.008274152,0,0,0,0,0.111111111,0.111111111,17200
0.375,0.498721228,0.003101729,0,0,0,0,0,0,13600
0.39,0.485933504,0.013963817,0,0,0,0,0,0,37000
0.385,0.524296675,0.008446566,0,0,0,0,0,0,29000
0.385,0.511508951,0.003618972,0,0,0,0,0,0,18600
0.385,0.549872123,0.002239659,5.21E-05,0.020282051,0,0,0,0,14100
0.365,0.854219949,0.006377597,0,0,0,0.088235294,0,0,18200
0.35,0.460358056,0.011722434,0,0,0,0,0,0,19600
0.36,0.460358056,0.002929315,7.14E-07,0.058974359,0,0,0,0,23000
0.375,0.74168798,0.002756901,6.64E-05,0.025641026,0,0,0,0,11200
0.35,0.447570332,0.006894839,0,0,0,0.058823529,0,0,16200
0.36,0.483375959,0.058619067,0.004214286,0.212820513,0.111111111,0,0.111111111,0.111111111,58000
0.345,0.562659847,0.049998362,0,0,0,0.029411765,0,0,46000
0.365,0.480818414,0.004308628,0,0,0,0.029411765,0,0,14900
0.38,0.501278772,0.004481042,0.000185,0.053846154,0,0,0,0,25000
0.365,0.421994885,0.003618972,9.93E-05,0.030769231,0,0.029411765,0,0,14800
0.36,0.47314578,0.004481042,0,0,0,0,0,0,19400
0.365,0.57544757,0.002584487,0.000114286,0.030769231,0,0,0,0,18200
0.375,0.445012788,0.011205192,0.0045,0.112820513,0,0.029411765,0,0,20000
0.36,0.434782609,0.008274152,1.79E-05,0.022153846,0.111111111,0.117647059,0.111111111,0.111111111,17900
0.35,0.421994885,0.015515544,0.000280714,0.207692308,0,0,0,0,35000
0.39,0.601023018,0.003791386,0,0,0,0,0,0,19300
0.395,0.562659847,0.003101729,0,0,0,0,0,0,17900
0.36,0.447570332,0.012067262,0,0,0,0.088235294,0,0,23000
0.39,0.588235294,0.004653456,0,0,0,0,0.111111111,0.111111111,10700
0.395,0.751918159,0.003101729,7.07E-05,0.048717949,0,0,0,0,11500
0.36,0.460358056,0.015860372,7.14E-07,0.205128205,0,0.029411765,0,0,33000
0.36,0.47314578,0.003446558,0,0,0,0,0,0,18300
0.355,0.485933504,0.022239694,0.005071429,0.225641026,0,0,0,0,40000
0.37,0.447570332,0.003618972,7.14E-07,0.046153846,0,0.088235294,0,0,21000
0.355,0.501278772,0.010687949,0,0,0,0.029411765,0,0,22000
0.365,0.47826087,0.002756901,0,0,0,0,0,0,9000
0.355,0.447570332,0.008791394,0.000407143,0.022307692,0,0.029411765,0,0,21000
0.39,0.710997442,0.003618972,0,0,0,0,0,0,9500
0.385,0.864450128,0.006205183,0,0,0,0,0,0,11000
0.39,0.601023018,0.0039638,5.29E-05,0.038461538,0,0,0,0,18500
0.395,0.562659847,0.005687941,0,0,0,0.029411765,0,0,15700
0.375,0.537084399,0.04655008,0.018571429,0.348717949,0.111111111,0.029411765,0.666666667,0.666666667,65000
0.385,0.562659847,0.004136214,0,0,0,0.029411765,0,0,14300
0.375,0.611253197,0.009136223,0,0,0,0.205882353,0,0,23000
0.365,0.547314578,0.022067279,0,0,0,0,0,0,32000
0.365,0.460358056,0.082757039,0,0,0.222222222,0.147058824,0.222222222,0.222222222,113000
0.385,0.757033248,0.003446558,0.016428571,0.046153846,0,0.029411765,0,0,14800
0.375,0.578005115,0.005687941,0.000412143,0.025641026,0,0,0,0,21000
0.37,0.611253197,0.019481068,0,0,0.111111111,0.029411765,0.111111111,0.111111111,23000
0.36,0.421994885,0.037929376,0.026428571,0.251282051,0.111111111,0,0.111111111,0.111111111,51000
0.375,0.465473146,0.004308628,0,0,0.111111111,0.029411765,0.111111111,0.111111111,21000
0.355,0.47314578,0.017584513,0,0,0,0,0,0,28000
0.385,0.537084399,0.004653456,0,0,0,0.058823529,0,0,15900
0.345,0.47314578,0.001448278,0,0,0.111111111,0.235294118,0.111111111,0.111111111,14100
0.395,0.690537084,0.002584487,0,0,0,0.058823529,0,0,9200
0.36,0.460358056,0.007929324,0,0,0,0.029411765,0,0,23000
0.36,0.447570332,0.004653456,0,0,0,0.058823529,0.444444444,0.444444444,14400
0.355,0.434782609,0.016722443,0.00012,0.010384615,0,0,0,0,22000
0.35,0.460358056,0.003274144,0.000785714,0.043589744,0,0.029411765,0,0,13700
0.365,0.524296675,0.00482587,6.36E-05,0.046153846,0,0,0,0,25000
0.37,0.460358056,0.005515527,0,0,0,0.029411765,0.111111111,0.111111111,18500
0.37,0.588235294,0.008963809,0,0,0.111111111,1,0,0,17700
0.385,0.74168798,0.007584496,0,0,0,0.235294118,0,0,11700
0.37,0.539641944,0.003618972,0,0,0,0,0,0,13800
0.37,0.455242967,0.023619006,1.36E-05,0.264102564,0.111111111,1,0,0,34000
0.38,0.639386189,0.003274144,0,0,0,0,0,0,18700
0.37,0.460358056,0.009481051,0.070714286,0.025641026,0,0,0,0,34000
0.38,0.677749361,0.005687941,0.000417143,0.082051282,0,0,0,0,16500
0.365,0.565217391,0.002412073,0,0,0,0.029411765,0,0,7900
0.365,0.47314578,0.002756901,0,0,0,0,0,0,5600
0.385,0.664961637,0.001527589,0,0,0,0,0,0,8300
0.39,0.74168798,0.005170699,0,0,0,0.029411765,0,0,13200
0.39,0.79028133,0.002756901,0.000400714,0.11025641,0,0.029411765,0,0,10800
0.365,0.524296675,0.0162052,0,0,0,0,0,0,27000
0.375,0.703324808,0.003618972,0,0,0,0,0,0,15600
0.355,0.416879795,0.004653456,0,0,0,0.029411765,0,0,24000
0.36,0.562659847,0.001894831,0.000164286,0.079487179,0,0.058823529,0,0,18300
0.38,0.562659847,0.004136214,0,0,0.111111111,0.205882353,0,0,14800
0.35,0.439897698,0.022584522,0,0,0,0,0,0,26000
0.385,0.549872123,0.005860355,0.001142857,0.066666667,0,0,0,0,18700
0.36,0.462915601,0.007412082,0,0,0,0,0,0,22000
0.385,0.74168798,0.006032769,0,0,0,0.029411765,0,0,12700
0.39,0.601023018,0.012756919,0.000123571,0.066666667,0,0.029411765,0,0,26000
0.35,0.447570332,0.008101738,0,0,0,0.029411765,0,0,16900
0.36,0.442455243,0.018791412,0.011857143,0.117948718,0,0,0,0,26000
0.375,0.498721228,0.024308663,0,0,0,0.029411765,0.111111111,0.111111111,42000
0.375,0.78516624,0.007929324,0.001071429,0.187179487,0,0,0,0,16300
0.36,0.531969309,0.017584513,2.43E-05,0.215384615,0,0.029411765,0,0,42000
0.385,0.529411765,0.003446558,8.43E-05,0.019871795,0,0,0,0,13800
0.375,0.754475703,0.014136231,0.000785714,0.169230769,0,0.205882353,0,0,18900
0.37,0.462915601,0.003274144,0,0,0,0.235294118,0,0,13500
0,0,0.002584487,0.000112143,0.053846154,0,0.029411765,0.111111111,0.111111111,12700
0.36,0.460358056,1.21E-05,0,0,0,0,0,0,15300
0.355,0.455242967,0.00124483,0,0,0,0.058823529,0,0,7700
0.375,0.496163683,0.020343139,0,0,0,0,0,0,38000
0.35,0.447570332,0.003618972,0.000481429,0.028205128,0,0,0,0,17400
0.35,0.480818414,0.008791394,0.000222143,0.112820513,0,0,0,0,26000
0.39,0.74168798,0.000725863,0,0,0,0.058823529,0,0,8400
0.36,0.498721228,0.00156552,0,0,0,0.088235294,0,0,8300
0.385,0.805626598,0.003618972,0,0,0,0,0,0,15200
0.35,0.447570332,0.036205235,0.005642857,0.123076923,0,0,0.111111111,0.111111111,41000
0.37,0.460358056,0.006205183,0,0,0,0,0,0,20000
0.385,0.728900256,0.005515527,7.57E-05,0.084615385,0,0.058823529,0,0,14000
0.385,0.588235294,0.008791394,0.000228571,0.048717949,0,0,0,0,25000
0.4,0.887468031,0.009308637,0.035,0.097435897,0,0,0,0,21000
0.39,0.57544757,0.004481042,0,0,0.222222222,0.147058824,0.222222222,0.222222222,15200
0.365,0.488491049,0.007412082,0,0,0.111111111,0.147058824,0.111111111,0.111111111,28000
0.37,0.537084399,0.024481077,1.64E-05,0.253846154,0.111111111,0,0.111111111,0.111111111,58000
0.395,0.728900256,0.003618972,0,0,0,0,0,0,14700
0.375,0.721227621,0.001386209,0,0,0,0,0,0,8500
0.38,0.757033248,0.006032769,0,0,0.222222222,0.147058824,0.222222222,0.222222222,13600
0.365,0.483375959,0.018274169,0,0,0.111111111,0.235294118,0.111111111,0.111111111,24000
0.385,0.767263427,0.0039638,0.000183571,0.024974359,0,0,0,0,13400
0.385,0.567774936,0.003791386,0,0,0,0.029411765,0,0,14400
0.385,0.657289003,0.005687941,0.000595714,0.030769231,0,0.029411765,0,0,18900
0.37,0.547314578,0.004653456,0.001142857,0.025641026,0,0.088235294,0,0,14700
0.365,0.421994885,0.028963843,0,0,0.111111111,0.117647059,0.111111111,0.111111111,61000
0.355,0.47314578,0.118963998,0.003,0.171794872,0.222222222,0,0.222222222,0.222222222,98000
0.37,0.475703325,0.002412073,0,0,0,0.029411765,0,0,17700
0.37,0.780051151,0.007239668,0.013714286,0.071794872,0,0.029411765,0,0,16600
0.39,0.511508951,0.009308637,0,0,0.111111111,0.235294118,0.111111111,0.111111111,20000
0.37,0.690537084,0.002756901,0.027857143,0.041025641,0,0.029411765,0,0,13000
0.37,0.611253197,0.000387932,0,0,0,0,0,0,16900
0.37,0.511508951,0.028446601,0.282142857,0.038461538,0.222222222,0.029411765,0.222222222,0.222222222,101000
0.375,0.447570332,0.006377597,0,0,0,0.147058824,0,0,16200
0.38,0.562659847,0.001512072,0,0,0,0,0,0,7600
0.375,0.496163683,0.002584487,0.000785714,0.043589744,0,0,0,0,13600
0.36,0.485933504,0.009136223,0,0,0,0,0,0,22000
0.37,0.491048593,0.00029138,0,0,0,0.029411765,0,0,11700
0.37,0.780051151,0.003446558,0.000857143,0.028205128,0,0,0,0,11500
0.365,0.447570332,0.016722443,0.000217143,0.069230769,0,0,0,0,25000
0.35,0.52173913,0.031894883,0.005357143,0.187179487,0,0,0,0,40000
0.375,0.549872123,0,0,0,0,0.029411765,0,0,11400
0.38,0.588235294,0.002412073,0,0,0,0.029411765,0,0,15500
0.385,0.652173913,0.011377606,0.002142857,0.125641026,0,0.088235294,0,0,33000
0.38,0.728900256,0.009998293,0,0,0,0.058823529,0,0,14600
0.37,0.47826087,0.006377597,0,0,0,0,0,0,16500
0.375,0.562659847,0.003791386,0,0,0,0,0,0,11700
0.38,0.652173913,0.017067271,0.000506429,0.069230769,0,0,0,0,30000
0.385,0.749360614,0.002239659,0,0,0,0.029411765,0,0,8800
0.375,0.537084399,0.018101755,0.000117857,0.069230769,0,0.058823529,0,0,30000
0.37,0.549872123,0.00482587,0,0,0,0,0,0,14900
0.36,0.460358056,0.006894839,0.007642857,0.038461538,0,0.147058824,0,0,17400
0.37,0.498721228,0.030860398,0.003285714,0.212820513,0.111111111,0,0.111111111,0.111111111,54000
0.36,0.498721228,0.004136214,0,0,0,0,0,0,14400
0.39,0.652173913,0.001350002,0.000126429,0.008051282,0,0,0.222222222,0.222222222,8200
0.385,0.57544757,0.004308628,0.000124286,0.061538462,0,0,0,0,20000
0.375,0.524296675,0.027067288,0.000217143,0.179487179,0.111111111,0.029411765,0,0,38000
0.385,0.583120205,0.039653517,0.006285714,0.176923077,0.222222222,0.029411765,0.222222222,0.222222222,48000
0.385,0.734015345,0.006894839,3.29E-05,0.053846154,0.111111111,0.117647059,0.111111111,0.111111111,14800
0.38,0.84398977,0.009653465,0,0,0,0,0,0,15500
0.395,0.680306905,0.015170716,0.000705,0.092307692,0,0.029411765,0,0,18600
0.38,0.690537084,0.012067262,0,0,0,0.029411765,0,0,19300
0.37,0.601023018,0.005860355,0,0,0,0.058823529,0,0,15400
0.375,0.677749361,0.020343139,7.21E-05,0.133333333,0.111111111,1,0,0,20000
0.385,0.74168798,0.001701727,0,0,0,0,0,0,10700
0.365,0.47314578,0.009825879,0.0015,0.087179487,0,0.029411765,0,0,19100
0.39,0.537084399,0.004308628,4.29E-06,0.08974359,0,0.029411765,0,0,20000
0.36,0.460358056,0.044825939,0.035714286,0.115384615,0,0.058823529,0.222222222,0.222222222,49000
0.36,0.450127877,0.012067262,0.002571429,0.061538462,0.777777778,0.058823529,0.777777778,0.777777778,19800
0.365,0.485933504,0.018101755,0,0,0.111111111,1,0,0,35000
0.385,0.833759591,0.003791386,8.64E-05,0.092307692,0.111111111,1,0,0,14800
0.38,0.664961637,0.010170707,0,0,0,0,0,0,8400
0.375,0.480818414,0.004481042,0,0,0,0.029411765,0,0,14400
0.37,0.549872123,0.00861898,1.00E-05,0.028205128,0,0.088235294,0.111111111,0.111111111,21000
0.36,0.455242967,0.077584617,0,0,0.111111111,0,0.111111111,0.111111111,74000
0.365,0.567774936,0.006722425,0.000292143,0.058974359,0,0.029411765,0,0,16400
0.38,0.754475703,0.005170699,7.86E-06,0.033333333,0,0,0,0,10700
0.36,0.455242967,0.003274144,7.14E-07,0.035897436,0,0.029411765,0,0,14000
0.385,0.805626598,0.002067245,9.86E-05,0.046153846,0,0,0,0,11700
0.36,0.460358056,0.021377623,0.000785714,0.205128205,0,0,0.111111111,0.111111111,42000
0.36,0.506393862,0.021722451,0,0,0,0.176470588,0,0,32000
0.375,0.572890026,0.000746553,0,0,0,0.029411765,0,0,7200
0.39,0.913043478,0.004998284,0.000255714,0.076923077,0,0,0.111111111,0.111111111,14000
0.37,0.531969309,0.002239659,0,0,0,0.029411765,0,0,8700
0.375,0.57544757,0.003791386,0,0,0,0.029411765,0,0,14500
0.375,0.700767263,0.001612072,3.43E-05,0.012128205,0,0,0,0,8300
0.375,0.531969309,0.017929341,0,0,0,0,0,0,35000
0.38,0.690537084,0.009308637,0.000187143,0.105128205,0,0.058823529,0,0,20000
0.38,0.639386189,0.012584504,0,0,0,0.235294118,0,0,33000
0.375,0.754475703,0.004481042,3.14E-05,0.030769231,0.111111111,0.029411765,0.666666667,0.666666667,11200
0.375,0.588235294,0.003791386,0,0,0,0.029411765,0,0,15700
0.355,0.442455243,0.00861898,1.50E-05,0.028205128,0,0.088235294,0,0,23000
0.385,0.677749361,0.003101729,0.015714286,0.051282051,0,0.088235294,0,0,12300
0.365,0.447570332,0.014136231,0,0,0.111111111,1,0,0,48000
0.39,0.567774936,0.004308628,0,0,0,0.029411765,0,0,15000
0.375,0.529411765,0,0.000465714,0.094871795,0,0.029411765,0,0,18200
0.37,0.562659847,0.018446584,0,0,0,0,0,0,32000
0.385,0.562659847,0.003618972,0,0,0,0.088235294,0.111111111,0.111111111,14000
0.37,0.501278772,0.016032786,0,0,0,0.029411765,0,0,49000
0.36,0.491048593,0.007412082,3.21E-05,0.035897436,0,0.176470588,0,0,27000
0.38,0.57544757,0.003101729,7.14E-07,0.025641026,0,0.029411765,0.111111111,0.111111111,19200
0.365,0.483375959,0.011894848,0.001071429,0.151282051,0,0,0,0,27000
0.375,0.831202046,0.02379142,0,0,0,0,0,0,31000
0.37,0.514066496,0.006205183,0,0,0,0,0,0,21000
0.385,0.716112532,0.003791386,0.000928571,0.020871795,0,0,0,0,11600
0.35,0.447570332,0.013101747,0.00018,0.097435897,0,0,0,0,30000
0.37,0.524296675,0.013274161,7.14E-07,0.069230769,0,0,0.111111111,0.111111111,26000
0.35,0.485933504,0.014136231,0.000522143,0.166666667,0,0.058823529,0,0,28000
0.37,0.514066496,0.002239659,0,0,0,0,0,0,14800
0.355,0.483375959,0.019825896,0.018571429,0.061538462,0,0,0,0,30000
0.37,0.537084399,0.002929315,0.000348571,0.016153846,0,0,0,0,15900
0.38,0.767263427,0.001894831,0,0,0,0,0,0,11100
0.38,0.57544757,0.005860355,0.001071429,0.187179487,0.111111111,0.029411765,0.111111111,0.111111111,24000
0.365,0.539641944,0.002412073,7.14E-07,0.046153846,0,0,0,0,18500
0.385,0.496163683,0,0,0,0,0,0,0,15200
0.37,0.549872123,0.018963826,0.000666429,0.217948718,0,0,0,0,29000
0.385,0.767263427,0.004998284,0.0025,0.061538462,0,0.088235294,0,0,17200
0.365,0.52173913,0.003618972,0,0,0,0.029411765,0.222222222,0.222222222,18500
0.38,0.703324808,0.009136223,0.000366429,0.066666667,0,0,0,0,16200
0.38,0.578005115,0.002412073,0,0,0,0,0,0,19000
0.39,0.588235294,0.005343113,0,0,0,0,0,0,18200
0.37,0.52173913,0.005860355,0,0,0,0,0,0,20000
0.36,0.41943734,0.002584487,0,0,0,0,0,0,16700
0.37,0.485933504,0.005170699,0.003071429,0.038461538,0,0,0,0,18800
0.345,0.421994885,0.011722434,0.006071429,0.120512821,0,0,0,0,21000
0.375,0.511508951,0.006205183,0,0,0,0.029411765,0,0,15900
0.365,0.562659847,0.005515527,9.07E-05,0.084615385,0,0,0,0,23000
0.375,0.537084399,0.008446566,0,0,0.111111111,0.058823529,0.111111111,0.111111111,94000
0.35,0.460358056,0.004481042,0,0,0,0.029411765,0,0,21000
0.385,0.700767263,0.00081207,0,0,0,0,0,0,8400
0.365,0.52685422,0.004481042,0,0,0,0,0,0,20000
0.36,0.411764706,0.034481094,7.86E-05,0.105128205,0,0.147058824,0,0,46000
0.375,0.895140665,0.012239676,0,0,0,0.323529412,0,0,21000
0,0,0.028619015,0,0,0,0.058823529,0,0,30000
0.36,0.57544757,0.012584504,0,0,0,0,0,0,19700
0.37,0.529411765,0.004481042,0,0,0,0.058823529,0,0,15000
0.37,0.406649616,0.004998284,0,0,0,0.029411765,0,0,19400
0.375,0.57544757,0.003618972,3.57E-05,0.082051282,0,0.029411765,0,0,21000
0.39,0.583120205,0.007067254,0.003071429,0.064102564,0,0,0,0,16300
0.385,0.588235294,0.013963817,0.006285714,0.035897436,0.111111111,0.235294118,0.111111111,0.111111111,31000
0.385,0.588235294,0.008274152,0.000785714,0.051282051,0.111111111,0.235294118,0.111111111,0.111111111,24000
0.365,0.421994885,0.005860355,0,0,0,0,0,0,19000
0.37,0.57544757,0.003446558,0,0,0,0.058823529,0,0,19900
0.365,0.434782609,0.007239668,0.001928571,0.035897436,0,0.088235294,0.111111111,0.111111111,21000
0.39,0.782608696,0.008101738,0,0,0,0.088235294,0,0,19600
0.385,0.930946292,0.002412073,1.43E-05,0.030769231,0,0.088235294,0,0,9500
0.355,0.47826087,0.013101747,0.000122143,0.066666667,0,0.029411765,0,0,28000
0.355,0.447570332,0.012239676,7.14E-07,0.064102564,0.111111111,1,0,0,23000
0.395,0.94629156,0.000246552,0,0,0,0,0,0,11300
0.375,0.613810742,0.000205173,0,0,0,0.088235294,0,0,16700
0.365,0.562659847,0.022584522,0.011642857,0.135897436,0,0,0,0,29000
0.38,0.846547315,0.009308637,0,0,0,0,0,0,17700
0.365,0.498721228,0.031205226,0.005285714,0.105128205,0,0,0,0,46000
0.36,0.47314578,0.017756927,0,0,0,0,0,0,29000
0.365,0.434782609,0.004308628,0,0,0,0,0,0,20000
0.38,0.57544757,0.020860381,7.14E-07,2.56E-05,0,0.088235294,0,0,36000
0.375,0.598465473,0.004308628,0.000389286,0.051282051,0.111111111,0.235294118,0.111111111,0.111111111,18400
0.375,0.437340153,0.004481042,6.00E-05,0.043589744,0,0.117647059,0,0,18400
0.365,0.639386189,0.037929376,0,0,0,0.058823529,0,0,24000
0.36,0.613810742,0.007584496,7.14E-07,0.021794872,0,0,0,0,11000
0.375,0.703324808,0.005860355,0.000444286,0.028205128,0,0,0,0,12600
0.375,0.524296675,0.003791386,0.00014,0.064102564,0,0.029411765,0,0,19200
0.37,0.562659847,0.002412073,0,0,0,0,0,0,13700
0.385,0.734015345,0.004998284,0,0,0,0.088235294,0,0,17400
0.395,0.588235294,0.005343113,0,0,0.222222222,0.147058824,0.222222222,0.222222222,23000
0.355,0.414322251,0.011722434,0.001928571,0.094871795,0,0,0,0,20000
0.4,0.769820972,0.001894831,4.64E-05,0.033333333,0,0.029411765,0,0,8700
0.385,0.74168798,0.002239659,0,0,0,0.029411765,0,0,8700
0.37,0.590792839,0.003791386,0,0,0,0.205882353,0,0,19400
0.36,0.496163683,0.006722425,0,0,0.111111111,0.235294118,0.111111111,0.111111111,16200
0.37,0.754475703,0.003618972,0.000785714,0.048717949,0,0.029411765,0,0,12900
0.395,0.703324808,0.006894839,0.022857143,0.053846154,0,0.029411765,0,0,14200
0.4,0.805626598,0.000239656,0,0,0,0.029411765,0,0,7900
0.385,0.836317136,0.00142414,0,0,0.111111111,1,0,0,13200
0.37,0.58056266,0.007929324,0,0,0,0.088235294,0.111111111,0.111111111,11500
0.36,0.514066496,0.004481042,0,0,0.111111111,0.205882353,0,0,19800
0.38,0.588235294,0.009998293,0,0,0,0,0,0,28000
0.375,0.716112532,0.010860364,0,0,0,0,0.111111111,0.111111111,24000
0.37,0.445012788,0.005343113,0.000150714,0.056410256,0,0,0,0,25000
0.37,0.511508951,0.008101738,0,0,0,0.029411765,0,0,17000
0.375,0.626598465,0.091377744,0,0,0,0.029411765,0,0,13700
0.355,0.41943734,0.013618989,0,0,0,0.058823529,0,0,34000
0.385,0.700767263,0.006722425,0,0,0,0.058823529,0,0,16700
0.355,0.47314578,0.01913624,0.009285714,0.097435897,0,0,0,0,30000
0.36,0.508951407,0.005343113,0.000315,0.082051282,0,0.117647059,0,0,21000
0.35,0.485933504,0.00482587,0.000336429,0.058974359,0,0,0.111111111,0.111111111,15300
0.38,0.690537084,0.001318968,0.000140714,0.019974359,0,0.058823529,0.111111111,0.111111111,8300
0.37,0.670076726,0.008963809,0,0,0,0.058823529,0,0,17200
0.385,0.613810742,0.007412082,0,0,0,0.117647059,0,0,10900
0.385,0.562659847,0.001722417,0,0,0,0,0,0,12700
0.375,0.531969309,0.005343113,2.86E-05,0.087179487,0,0,0,0,16000
0.385,0.677749361,0.003101729,0.000114286,0.041025641,0,0.029411765,0,0,12600
0.39,0.652173913,0.002584487,8.57E-05,0.025641026,0,0.029411765,0,0,8900
0.37,0.47314578,0.008963809,1.43E-06,0.079487179,0,0,0,0,22000
0.395,0.728900256,0.00071207,0,0,0,0,0,0,7900
0.39,0.74168798,0.002756901,0,0,0,0,0,0,12000
0.385,0.74168798,0.019653482,0.000123571,0.125641026,0,0,0,0,19500
0.365,0.549872123,0.036205235,0,0,0.111111111,0,0.111111111,0.111111111,59000
0.37,0.537084399,0.031550054,0.000928571,0.31025641,0.111111111,0,0.111111111,0.111111111,55000
0.38,0.772378517,0.004136214,0,0,0,0,0,0,11000
0.37,0.511508951,0.005860355,0.000857143,0.066666667,0,0.029411765,0,0,21000
0.345,0.452685422,0.006722425,0,0,0.111111111,0.088235294,0,0,17500
0.38,0.585677749,0.003101729,0.000205714,0.028205128,0,0.029411765,0.111111111,0.111111111,13700
0.38,0.624040921,0.002239659,0,0,0,0.058823529,0,0,12000
0.385,0.677749361,0.002584487,0,0,0,0,0,0,8800
0.375,0.529411765,0.003101729,0,0,0,0.029411765,0,0,18200
0.38,0.757033248,0.009136223,6.00E-05,0.151282051,0,0,0,0,18700
0.375,0.537084399,0.018618998,0.000166429,0.156410256,0,0,0,0,41000
0.38,0.588235294,0.006377597,0,0,0,0.029411765,0,0,16400
0.37,0.677749361,0.002929315,0.000127143,0.035897436,0,0,0,0,11400
0.385,0.831202046,0.003274144,3.71E-05,0.066666667,0,0.029411765,0,0,13900
0.375,0.639386189,0.018274169,0.000785714,0.084615385,0,0.088235294,0,0,16400
0.39,1,0.002239659,0,0,0,0,0,0,8700
0.38,0.557544757,1.90E-05,0,0,0,0,0,0,15000
0.385,0.664961637,0.006032769,0,0,0,0,0,0,14500
0.36,0.47826087,0.003791386,0,0,0,0,0,0,14500
0.36,0.501278772,0.005515527,0,0,0,0,0.111111111,0.111111111,19900
0.35,0.437340153,0.041377658,0.05,0.128205128,0.111111111,0.147058824,0.111111111,0.111111111,63000
0.38,0.531969309,0,5.00E-06,0.033333333,0,0.029411765,0,0,15100
0.36,0.460358056,0.007412082,7.14E-07,0.043589744,0,0,0,0,16700
0.385,0.703324808,0.001894831,0,0,0,0,0,0,8500
0.37,0.664961637,0.00482587,0,0,0,0.235294118,0,0,9700
0.395,0.710997442,0.005343113,0,0,0,0,0,0,8700
0.35,0.439897698,0.01913624,7.14E-07,0.176923077,0,0,0,0,31000
0.365,0.434782609,0.0039638,0,0,0,0,0,0,14100
0.39,0.754475703,0.001582761,0,0,0,0,0,0,12100
0.385,0.652173913,0.003618972,0,0,0,0,0,0,17900
0.385,0.792838875,0.009481051,0,0,0,0.058823529,0,0,11800
0.36,0.452685422,0.043101798,0.092857143,0.107692308,0.111111111,0,0.111111111,0.111111111,65000
0.38,0.588235294,0.00482587,7.14E-07,0.064102564,0,0.176470588,0,0,20000
0.38,0.654731458,0.003618972,9.00E-05,0.041025641,0.111111111,1,0,0,18900
0.38,0.664961637,0.007239668,0,0,0,0.058823529,0,0,23000
0.365,0.47826087,0.006894839,0,0,0,0.029411765,0,0,36000
0.38,0.626598465,0.002239659,0,0,0,0,0,0,13400
0.36,0.57544757,0.004136214,0,0,0,0,0,0,15600
0.355,0.434782609,0.005687941,0,0,0,0,0,0,13900
0.35,0.445012788,0.007067254,0.000179286,0.018692308,0,0,0,0,16100
0.4,0.874680307,0.017067271,0,0,0,0,0,0,19200
0.37,0.503836317,0.002067245,0,0,0,0,0,0,16400
0.37,0.529411765,0.004308628,0,0,0,0,0,0,26000
0.385,0.562659847,0.00119483,0,0,0,0,0,0,8000
0.39,0.728900256,0,0,0,0,0,0,0,14700
0.375,0.434782609,0.00482587,0,0,0,0.029411765,0,0,16500
0.365,0.498721228,0.027412116,0.001571429,0.133333333,0,0.029411765,0,0,45000
0.355,0.452685422,0.007239668,0.048571429,0.064102564,0,0.147058824,0,0,31000
0.38,0.539641944,0.022756936,0,0,0,0.029411765,0,0,39000
0.355,0.460358056,0.004653456,0,0,0,0,0,0,15000
0.365,0.460358056,0.030343156,0,0,0,0.058823529,0,0,20000
0.37,0.560102302,0.015860372,0.0045,0.066666667,0.222222222,0.147058824,0.222222222,0.222222222,22000
0.38,0.539641944,0.002756901,0.000179286,0.035897436,0,0,0,0,18400
0.36,0.460358056,0.013791403,0.003142857,0.076923077,0,0,0,0,21000
0.365,0.421994885,0.00482587,0,0,0,0,0,0,11200
0.355,0.447570332,0.006894839,9.64E-05,0.064102564,1,0.029411765,1,1,16700
0.385,0.601023018,0.001722417,0.000134286,0.038461538,0,0.029411765,0,0,13000
0.385,0.442455243,0.018791412,0.000857143,0.169230769,0,0,0,0,37000
0.37,0.672634271,0.002239659,0,0,0,0,0.111111111,0.111111111,13300
0.36,0.47314578,0.022239694,0.000327857,0.153846154,0,0,0.222222222,0.222222222,40000
0.365,0.460358056,0.008963809,0.069285714,0.041025641,0,0.029411765,0.111111111,0.111111111,38000
0.37,0.485933504,0.0162052,0,0,0,0.117647059,0,0,28000
0.38,0.992327366,0.004481042,0,0,0,0.029411765,0,0,17600
0.37,0.447570332,0.02758453,0,0,0,0,0,0,45000
0.37,0.460358056,0.014653474,0,0,0.111111111,0.205882353,0,0,28000
0.37,0.429667519,0.006550011,0.003428571,0.064102564,0,0,0,0,27000
0.35,0.450127877,0.001894831,0,0,0,0.323529412,0,0,8900
0.37,0.585677749,0.007929324,0,0,0,0.235294118,0,0,21000
0.385,0.57544757,0.00775691,0.013428571,0.087179487,0,0,0,0,28000
0.395,0.588235294,0.00127414,0,0,0,0,0,0,6500
0.375,0.47314578,0.003618972,0.001857143,0.030769231,0,0.029411765,0,0,19900
0.365,0.485933504,0.060343207,0.111428571,0.138461538,0.111111111,0.147058824,0.111111111,0.111111111,84000
0.365,0.511508951,0.003618972,0,0,0,0,0,0,25000
0.385,0.723785166,0.010687949,0,0,0.111111111,0.235294118,0.111111111,0.111111111,8500
0.35,0.427109974,0.005687941,0,0,0,0,0,0,9500
0.38,0.611253197,0.001396554,0,0,0,0.029411765,0,0,15800
0.38,0.552429668,0.024481077,0,0,0.111111111,1,0,0,30000
0.365,0.409207161,0.010515535,0,0,0,0.088235294,0.111111111,0.111111111,23000
0.365,0.442455243,0.027067288,0,0,0,0,0,0,34000
0.385,0.700767263,0.003618972,0,0,0,0.147058824,0,0,12100
0.365,0.503836317,0.087929462,0,0,0,0.323529412,0,0,25000
0.36,0.47314578,5.17E-06,0,0,0,0,0,0,11900
0.36,0.460358056,0.011205192,0,0,0.111111111,0.205882353,0,0,25000
0.36,0.447570332,0.006032769,0,0,0,0,0.111111111,0.111111111,18900
0.37,0.588235294,0.01913624,0,0,0,0,0,0,36000
0.385,0.562659847,0.003618972,6.50E-05,0.005641026,0,0.205882353,0,0,18200
0.38,0.710997442,0.003446558,0,0,0,0,0,0,13100
0.35,0.498721228,0.007584496,0.001071429,0.084615385,0,0.029411765,0,0,26000
0.36,0.455242967,0.004481042,7.14E-07,0.112820513,0,0,0,0,22000
0.38,0.652173913,0.002929315,0.001,0.025641026,0,0.029411765,0,0,13600
0.37,0.557544757,0.006722425,0,0,0,0.029411765,0,0,16300
0.36,0.537084399,0.013274161,0.000569286,0.138461538,0,0.029411765,0,0,27000
0.35,0.452685422,0.02672246,0.0075,0.18974359,0,0,0.111111111,0.111111111,36000
0.385,0.562659847,0.006032769,0,0,0,0.058823529,0.222222222,0.222222222,21000
0.375,0.780051151,0.006550011,0,0,0,0.088235294,0,0,16000
0.37,0.524296675,0.002239659,0,0,0,0.058823529,0.111111111,0.111111111,7200
0.365,0.493606138,0.006032769,0,0,0,0.205882353,0,0,20000
0.38,0.690537084,0.003618972,0.00018,0.043589744,0,0.029411765,0,0,14700
0.385,0.542199488,0.004998284,0,0,0,0,0,0,19300
0.35,0.409207161,0.013446575,0.001357143,0.058974359,0,0,0,0,21000
0.37,0.562659847,0.044825939,0,0,0.111111111,0,0.111111111,0.111111111,52000
0.37,0.562659847,0.005343113,7.21E-05,0.082051282,0,0.058823529,0,0,16000
0.36,0.460358056,0.004998284,5.21E-05,0.066666667,0,0,0,0,22000
0.385,0.621483376,0.005860355,0.000695,0.261538462,0,0.029411765,0,0,25000
0.375,0.460358056,0.039653517,0,0,0.111111111,0.088235294,0.444444444,0.444444444,37000
0.39,0.652173913,0.006205183,0.004428571,0.051282051,0,0.147058824,0,0,12700
0.36,0.434782609,0.041377658,0,0,0,0.117647059,0,0,19000
0.35,0.409207161,0.014998302,0,0,0.777777778,0.058823529,0.111111111,0.111111111,22000
0.37,0.664961637,0.002239659,0,0,0,0.088235294,0,0,8600
0.38,0.511508951,0.001894831,0,0,0,0,0,0,7800
0.365,0.47314578,0.010170707,0.004857143,0.107692308,0,0.029411765,0,0,23000
0.38,0.537084399,0.002067245,0,0,0,0,0,0,13000
0.37,0.485933504,0.005860355,0.001428571,0.048717949,0.111111111,0.058823529,0,0,22000
0.38,0.613810742,0.012584504,7.14E-07,0.028205128,0,0,0,0,21000
0.35,0.434782609,0.007239668,0.005785714,0.076923077,0,0.058823529,0,0,22000
0.365,0.447570332,0.006722425,7.14E-07,0.058974359,0,0.117647059,0,0,16600
0.365,0.524296675,0.005343113,0,0,0,0.117647059,0,0,15700
0.38,0.549872123,0.007239668,0.000705,0.071794872,0,0,0,0,32000
0.385,0.483375959,0.022412108,0.001357143,0.392307692,0,0.058823529,0,0,37000
0.355,0.485933504,0.006205183,0.000466429,0.048717949,0,0,0,0,16000
0.375,0.537084399,0.006550011,0,0,0,0.029411765,0,0,25000
0.355,0.562659847,0.014825888,2.86E-06,0.053846154,0,0,0,0,34000
0.385,0.613810742,0.006722425,1.00E-05,0.220512821,0.111111111,0.205882353,0,0,15400
0.35,0.434782609,0.006722425,0,0,0,0,0,0,20000
0.345,0.524296675,0,0.001,0.225641026,0,0.058823529,0.111111111,0.111111111,23000
0.38,0.728900256,0.001422416,2.57E-05,0.035897436,0,0.029411765,0,0,8500
0.355,0.416879795,0.014998302,0,0,0,0,0,0,27000
0.355,0.434782609,0.003274144,0,0,0,0,0,0,8100
0.365,0.52685422,0.010515535,0.005785714,0.105128205,0,0,0,0,24000
0.34,0.498721228,0.007584496,0,0,0,0,0,0,16600
0.375,0.483375959,0.005687941,5.71E-06,0.035897436,0,0,0,0,18900
0.335,0.524296675,0.023963834,0,0,0.111111111,0.117647059,0.111111111,0.111111111,33000
0.35,0.450127877,0.018618998,0.000928571,0.1,0,0.088235294,0,0,33000
0.37,0.511508951,0.009481051,0,0,0,0.029411765,0,0,18000
0.35,0.485933504,2.07E-05,0,0,0,0.029411765,0,0,17300
0.37,0.447570332,0.013446575,0,0,0,0,0,0,30000
0.365,0.601023018,0.044825939,0.000261429,0.107692308,0.111111111,0.147058824,0.111111111,0.111111111,58000
0.37,0.447570332,0.002412073,0,0,0,0.088235294,0,0,9000
0.375,0.534526854,0.00097414,0,0,0,0,0,0,12000
0.375,0.47314578,0.015170716,0,0,0,0.088235294,0,0,25000
0.385,0.728900256,0.001158623,3.71E-05,0.022615385,0,0.029411765,0,0,11400
0.385,0.652173913,0.008791394,0.001428571,0.102564103,0,0.029411765,0,0,25000
0.375,0.562659847,0.018618998,0.000519286,0.120512821,0.111111111,1,0,0,39000
0.37,0.562659847,0.007412082,0,0,0,0.029411765,0,0,24000
0.375,0.652173913,0.004998284,0,0,0,0,0,0,15300
0.38,0.639386189,0.005170699,0.000359286,0.053846154,0,0,0,0,13500
0.375,0.631713555,0.007412082,7.14E-07,0.058974359,0,0,0,0,25000
0.37,0.434782609,0.036205235,0.002285714,0.035897436,0,0,0,0,39000
0.385,0.677749361,0.003101729,0,0,0,0,0,0,13000
0.38,0.639386189,0.014653474,0,0,0,0,0,0,16900
0.385,0.792838875,0.005515527,0.000566429,0.087179487,0,0,0,0,10800
0.355,0.488491049,0.044825939,0.032857143,0.133333333,0.111111111,0,0.111111111,0.111111111,53000
0.375,0.728900256,0.002412073,0.000323571,0.025512821,0,0,0,0,11800
1,0.196930946,0.002412073,0,0,0,0,0,0,13100
0.385,0.524296675,0.004136214,4.79E-05,0.035897436,0,0,0,0,20000
0.385,0.754475703,0.000870691,0,0,0,0.058823529,0,0,8300
0.37,0.818414322,0.003791386,0,0,0,0.058823529,0,0,10500
0.375,0.716112532,0.001894831,3.71E-05,0.035897436,0,0,0,0,10900
0.39,0.767263427,0.003791386,0,0,0,0.029411765,0,0,9600
0.36,0.437340153,0.041377658,0.081428571,0.153846154,0.111111111,0.029411765,0.111111111,0.111111111,62000
0.345,0.524296675,0.022756936,0.089285714,0.02374359,0.111111111,0.205882353,0.111111111,0.111111111,51000
0.385,0.728900256,0.002412073,0,0,0,0,0,0,9100
0.36,0.409207161,0.006377597,0,0,0,0,0,0,15600
0.36,0.465473146,0.027412116,0,0,0,0,0,0,38000
0.345,0.409207161,0.009308637,0,0,0,0,0,0,24000
0.37,0.485933504,0.003618972,0,0,0,0.058823529,0,0,14300
0.36,0.57544757,0.032756953,0.029285714,0.158974359,0,0.176470588,0,0,44000
0.38,0.767263427,0.004136214,0,0,0,0.029411765,0,0,9800
0.38,0.767263427,0.007412082,0.001071429,0.051282051,0,0.029411765,0,0,16800
0.365,0.485933504,0.021550037,0.000278571,0.115384615,0,0.029411765,0,0,30000
0.35,0.524296675,0.014481059,0,0,0,0,0,0,27000
0.38,0.626598465,0.003791386,0,0,0,0.029411765,0,0,10400
0.39,0.68286445,0.003791386,0,0,0,0.029411765,0,0,10000
0.365,0.434782609,0.007929324,0,0,0,0.029411765,0,0,20000
0.39,0.562659847,0.001894831,0,0,0,0.029411765,0,0,12700
0.37,0.47826087,0.003274144,7.14E-05,0.013333333,0,0.117647059,0,0,13600
0.385,0.723785166,0.009481051,0,0,0,0,0,0,16400
0.365,0.524296675,0.0039638,5.29E-05,0.048717949,0,0.058823529,0,0,19500
0.38,0.601023018,0.004481042,0,0,0,0.029411765,0.111111111,0.111111111,20000
0.38,0.728900256,0.004136214,0.000375714,0.053846154,0,0.058823529,0.666666667,0.666666667,15400
0.38,0.601023018,0.004653456,0,0,0,0.058823529,0,0,19500
0.36,0.434782609,0.009481051,0,0,0.111111111,0.117647059,0.111111111,0.111111111,53000
0.375,0.554987212,0.007584496,0.000365,0.074358974,0,0.088235294,0,0,17400
0.375,0.534526854,0.005860355,0.000236429,0.076923077,0,0.176470588,0,0,22000
0.38,0.57544757,0.005170699,3.86E-05,0.038461538,0,0,0,0,15100
0.38,0.792838875,0.007412082,0.001642857,0.061538462,0,0.029411765,0,0,15300
0.365,0.434782609,0.002756901,0,0,0,0,0,0,17300
0.36,0.421994885,0.002412073,0,0,0,0,0,0,13000
0.37,0.57544757,0.006205183,0.000134286,0.061538462,0,0,0,0,16300
0.36,0.483375959,0.018618998,0,0,0,0.058823529,0,0,30000
0.355,0.508951407,0.008791394,0,0,0,0,0.111111111,0.111111111,25000
0.38,0.47314578,0.002756901,0,0,0.111111111,0,0.111111111,0.111111111,61000
0.36,0.447570332,0.009481051,0,0,0,0.323529412,0,0,18200
0.385,0.74168798,0.048274221,0.020714286,0.215384615,0,0.147058824,0.111111111,0.111111111,36000
0.36,0.485933504,0.082757039,0,0,0.111111111,0,0.111111111,0.111111111,81000
0.37,0.529411765,0.014998302,5.00E-06,0.074358974,0,0,0,0,24000
0.37,0.652173913,0.027067288,0.013785714,0.271794872,0,0.088235294,0,0,41000
0.35,0.493606138,0.013791403,0.013928571,0.11025641,0,0,0,0,26000
0.36,0.68797954,0.005860355,0,0,0,0.088235294,0,0,11000
0.37,0.690537084,0,0.000785714,0.035897436,0,0.029411765,0,0,11000
0.36,0.529411765,0.006894839,0,0,0,0,0,0,20000
0.385,0.792838875,0.003446558,0,0,0,0,0,0,26000
0.36,0.511508951,0.041377658,0,0,0,0,0,0,46000
0.365,0.465473146,0.006377597,0.008642857,0.058974359,0,0,0,0,22000
0.38,0.514066496,0.018791412,0.000785714,0.064102564,0,0.088235294,0,0,39000
0.36,0.468030691,0.014481059,0.027142857,0.069230769,0.111111111,0.235294118,0.111111111,0.111111111,27000
0.38,0.74168798,0.003446558,8.50E-05,0.051282051,0,0,0,0,14900
0.35,0.427109974,0.009998293,0.007928571,0.207692308,0,0.058823529,0,0,29000
0.375,0.460358056,0.004653456,0.000857143,0.033333333,0,0,0,0,14700
0.365,0.47314578,0.003446558,0.000138571,0.048717949,0.111111111,0.117647059,0.111111111,0.111111111,14300
0.38,0.73657289,0.003618972,0.000217143,0.058974359,0,0.117647059,0,0,12000
0.36,0.47314578,0.007929324,0,0,0,0.176470588,0,0,17000
0.34,0.460358056,0.003446558,0,0,0,0.058823529,0,0,15800
0.375,0.460358056,0.006894839,0,0,0,0.029411765,0,0,23000
0.37,0.554987212,0.002412073,0,0,0,0,0,0,17900
0.385,0.557544757,0.016894857,0.045714286,0.351282051,0,0.029411765,0,0,39000
0.37,0.537084399,0.044825939,0.011571429,0.117948718,0.111111111,0.147058824,0.111111111,0.111111111,57000
0.35,0.524296675,0.004998284,0,0,0,0,0,0,9500
0.35,0.411764706,0.023963834,0.004,0.176923077,0,0,0,0,36000
0.39,0.813299233,0.012929333,0.001142857,0.194871795,0.111111111,0.058823529,0,0,21000
0.375,0.524296675,0,0,0,0,0,0,0,15000
0.375,0.593350384,0.002412073,0.000133571,0.056410256,0,0,0,0,13700
0.35,0.455242967,0.009136223,0,0,0,0.029411765,0,0,23000
0.35,0.501278772,0.028619015,0,0,0,0.029411765,0,0,38000
0.38,0.639386189,0.006550011,0,0,0,0,0,0,15200
0.365,0.531969309,0,0.000163571,0.041025641,0.111111111,0.029411765,0,0,17300
0.37,0.511508951,0.002412073,0,0,0,0.029411765,0,0,13400
0.375,0.498721228,0.008963809,0,0,0,0.088235294,0,0,24000
0.375,0.549872123,0.002756901,0,0,0,0,0,0,18900
0.38,0.831202046,0.014308645,2.86E-06,0.28974359,0,0,0,0,23000
0.375,0.47314578,0.001429313,0,0,0,0,0,0,7600
0.36,0.508951407,0.005170699,8.21E-05,0.038461538,1,0.147058824,1,1,19900
0.365,0.519181586,0.049998362,0.013285714,0.3,0.111111111,1,0.111111111,0.111111111,61000
0.345,0.524296675,0.009481051,0,0,0,0,0,0,26000
0.395,0.588235294,0.001136209,0,0,0,0,0,0,16500
0.375,0.514066496,0.021205209,0,0,0,0.323529412,0,0,43000
0.375,0.831202046,0.005343113,0,0,0,0.029411765,0,0,10300
0.355,0.44629156,0.01999831,0,0,0,0.205882353,0,0,26000
0.355,0.567774936,0.018791412,0.000189286,0.084615385,0.111111111,1,0,0,31000
0.38,0.570332481,0.010860364,2.21E-05,0.1,0,0.029411765,0,0,25000
0.355,0.485933504,0.0039638,0,0,0,0,0,0,19800
0.355,0.485933504,0.006205183,0,0,0,0.029411765,0,0,21000
0.385,0.710997442,0.019481068,0.000785714,0.115384615,0,0,0,0,19100
0.39,0.621483376,0.005170699,0,0,0,0,0,0,16800
0.385,0.767263427,0.002929315,0,0,0,0.088235294,0,0,9000
0.385,0.805626598,0.006722425,0,0,0,0.029411765,0,0,24000
0.37,0.621483376,0.017929341,4.93E-05,0.128205128,0,0.029411765,0,0,31000
0.385,0.639386189,0.005860355,0,0,0,0.058823529,0,0,10300
0.355,0.47314578,0.008446566,0,0,0,0,0.111111111,0.111111111,27000
0.38,0.511508951,0.003618972,0,0,0,0.088235294,0,0,14000
0.385,0.895140665,0.004136214,0,0,0,0,0,0,15000
0.38,0.529411765,0.004998284,0.000200714,0.033333333,0,0,0,0,18700
0.37,0.557544757,0.004481042,9.00E-05,0.041025641,0,0.117647059,0,0,14700
0.365,0.460358056,4.31E-05,0,0,0,0,0,0,15100
0.385,0.608695652,0.009136223,0,0,0,0.088235294,0,0,32000
0.365,0.493606138,0.004653456,7.14E-07,0.030769231,0,0,0,0,14700
0.385,0.613810742,0.009136223,0.000518571,0.082051282,0,0.029411765,0,0,24000
0.37,0.511508951,0.028791429,0.001214286,0.179487179,0.111111111,1,0,0,43000
0.365,0.52173913,0.020170724,0,0,0,0.088235294,0,0,31000
0.345,0.429667519,0.048274221,0,0,0,0.029411765,0.111111111,0.111111111,48000
0.355,0.421994885,0.006894839,0,0,0,0.117647059,0,0,19700
0.38,0.524296675,0.0039638,7.14E-07,0.094871795,0,0,0.444444444,0.444444444,21000
0.38,0.567774936,0.006722425,1.71E-05,0.046153846,0,0.088235294,0,0,19800
0.385,0.601023018,0.001467244,6.21E-05,0.019487179,0,0,0,0,15800
0.37,0.542199488,0.000482759,0,0,0,0,0,0,15200
0.365,0.434782609,0.004308628,0.000111429,0.043589744,0,0.029411765,0,0,19400
0.355,0.421994885,0.020860381,0.012928571,0.176923077,0,0,0,0,28000
0.37,0.68286445,0.014481059,0,0,0,0.058823529,0,0,23000
0.39,0.971867008,0.014481059,4.29E-06,0.269230769,0,0,0,0,24000
0.365,0.488491049,0.013791403,0.053571429,0.033333333,0,0.147058824,0,0,39000
0.375,0.836317136,0.009481051,0.001714286,0.102564103,0.111111111,1,0,0,12500
0.35,0.447570332,0,0,0,0,0,0,0,21000
0.37,0.626598465,0.013791403,0,0,0,0,0,0,33000
0.355,0.442455243,0.006205183,0,0,0.111111111,0.235294118,0.111111111,0.111111111,15700
0.355,0.447570332,0.006205183,0,0,0,0.029411765,0,0,24000
0.355,0.480818414,0.013963817,4.50E-05,0.138461538,0,0.029411765,0,0,31000
0.37,0.524296675,0.00029138,0,0,0,0,0,0,7100
0.36,0.455242967,0.000679312,0,0,0,0,0,0,11700
0.37,0.47314578,0.013791403,0,0,0,0,0,0,29000
0.355,0.434782609,0.026205218,5.21E-05,0.143589744,0.111111111,0.058823529,0.111111111,0.111111111,39000
0.385,0.47314578,0.019825896,0,0,0,0,0,0,26000
0.37,0.501278772,0.009481051,0,0,0,0.029411765,0,0,18000
0.355,0.47826087,0.003101729,0,0,0,0.058823529,0,0,18800
0.365,0.501278772,0.005170699,0.000319286,0.028205128,0,0.058823529,0.111111111,0.111111111,14800
0.375,0.562659847,0.001894831,0,0,0,0.088235294,0.111111111,0.111111111,18100
0.36,0.460358056,0.006205183,0.000471429,0.051282051,0,0,0,0,22000
0.38,0.716112532,0.006032769,3.79E-05,0.053846154,0,0,0,0,13000
0.38,0.562659847,0.004136214,0,0,0,0,0,0,19800
0.38,0.588235294,0.002412073,0,0,0,0,0,0,11000
0.355,0.460358056,0.009481051,0,0,0,0,0,0,22000
0.355,0.47314578,0.006894839,0.000203571,0.079487179,0,0,0,0,22000
0.355,0.445012788,0.012929333,0,0,0,0.029411765,0,0,26000
0.36,0.457800512,0.028963843,7.14E-07,0.107692308,0,0.117647059,0,0,40000
0.375,0.552429668,0.007929324,0,0,0,0.029411765,0,0,23000
0.375,0.68797954,0.033446609,0.000235714,0.141025641,0,0.176470588,0,0,40000
0.365,0.554987212,0.004481042,0,0,0.111111111,0.235294118,0.111111111,0.111111111,14800
0.36,0.501278772,0.008101738,0,0,0,0.029411765,0,0,17600
0.39,0.705882353,0.001894831,0,0,0,0,0,0,8700
0.385,0.690537084,0.001894831,0,0,0,0.029411765,0,0,9600
0.39,0.938618926,0.00093276,0,0,0,0,0,0,8600
0.35,0.460358056,0.005515527,0.000128571,0.038461538,0,0,0,0,15400
0.36,0.447570332,0.004136214,0.002857143,0.033333333,0,0.058823529,0,0,14600
0.355,0.421994885,0.000458621,0,0,0,0,0,0,7400
0.385,0.78516624,0.002929315,0,0,0,0,0,0,9100
0.4,0.755754476,0.001489658,0,0,0,0.088235294,0,0,8900
0.385,0.787723785,0.002239659,0.000157857,0.043589744,0,0,0,0,8900
0.4,0.684143223,0.003101729,7.00E-05,0.046153846,0,0,0,0,9200
0.38,0.74168798,0.001434485,0,0,0,0,0,0,8300
0.37,0.539641944,0.010860364,0.000279286,0.187179487,0,0,0,0,27000
0.385,0.664961637,0.043101798,0.003214286,0.182051282,0,0,0,0,37000
0.36,0.506393862,0.062067348,0.004571429,0.261538462,0.111111111,0.088235294,0.111111111,0.111111111,76000
0.385,0.593350384,0.039653517,0,0,0.111111111,0.088235294,0.111111111,0.111111111,67000
0.38,0.639386189,0.005170699,0,0,0,0,0.111111111,0.111111111,22000
0.37,0.421994885,0.00482587,9.64E-05,0.051282051,0,0.029411765,0,0,25000
0.38,0.782608696,0.003101729,0.000386429,0.120512821,0,0,0,0,9900
0.36,0.460358056,0.014481059,0,0,0.777777778,0.029411765,0.777777778,0.777777778,25000
0.365,0.483375959,0.015170716,0.000785714,0.038461538,0,0,0,0,23000
0.385,0.460358056,0.005170699,0,0,0,0,0,0,6800
0.375,0.47314578,0.04655008,0.017857143,0.233333333,0.777777778,0.029411765,0.777777778,0.777777778,358000
0.365,0.562659847,0.007412082,4.07E-05,0.066666667,0,0.176470588,0,0,23000
0.38,0.524296675,0,4.57E-05,0.061538462,0,0,0,0,16200
0.365,0.511508951,0.016550029,0.00013,0.061538462,0,0.058823529,0,0,40000
0.36,0.498721228,0.00775691,0,0,0,0.058823529,0,0,22000
0.395,0.869565217,0.004136214,0.000605714,0.035897436,0,0,0,0,13700
0.385,0.841432225,0.009308637,0.000153571,0.135897436,0,0,0,0,18100
0.37,0.598465473,0.031894883,0,0,0,0,0,0,40000
0.375,0.447570332,0.003791386,0,0,0,0.058823529,0,0,14600
0.355,0.432225064,0.012239676,0,0,0,0.058823529,0.111111111,0.111111111,15800
0.37,0.493606138,0.008791394,3.57E-06,0.043589744,0.111111111,0.147058824,0.111111111,0.111111111,23000
0.375,0.437340153,0.004136214,0,0,0,0,0,0,14500
0.37,0.460358056,0.010687949,0.001142857,0.071794872,0,0.029411765,0,0,26000
0.37,0.557544757,0.004998284,0,0,0,0.029411765,0,0,27000
0.365,0.434782609,0.002929315,0,0,0,0.029411765,0,0,18000
0.38,0.511508951,0.003101729,0,0,0,0.029411765,0,0,7400
0.37,0.434782609,0.003791386,1.29E-05,0.056410256,0,0.029411765,0,0,18500
0.365,0.47314578,0.013446575,7.14E-07,0.061538462,0,0,0,0,26000
0.36,0.439897698,0.008963809,0,0,0,0,0,0,25000
0.37,0.593350384,0.030860398,0.001,0.084615385,0,0.029411765,0,0,35000
0.365,0.57544757,0.008101738,0,0,0,0.147058824,0,0,17400
0.38,0.767263427,0.002067245,0,0,0,0,0,0,8700
0.38,0.716112532,0.00120345,0,0,0,0,0,0,9200
0.39,0.549872123,0.007584496,0,0,0,0,0,0,24000
0.38,0.716112532,0.003274144,6.14E-05,0.038461538,0,0,0,0,11900
0.36,0.439897698,0.019308654,5.71E-06,0.133333333,0,0.176470588,0,0,32000
0.345,0.537084399,0.007239668,0.008714286,0.023871795,0,0,0,0,18100
0.375,0.549872123,0.002412073,3.43E-05,0.033333333,0,0.029411765,0,0,13300
0.36,0.409207161,0.005515527,0.0035,0.038461538,0,0.029411765,0,0,21000
0.37,0.462915601,0.003446558,0,0,0,0,0.111111111,0.111111111,13900
0.38,0.644501279,0.026032804,0.003357143,0.223076923,0,0.147058824,0,0,44000
0.375,0.746803069,0.0039638,0,0,0,0.088235294,0,0,14600
0.385,0.649616368,0.001627589,0,0,0,0,0,0,9100
0.375,0.562659847,0.002239659,0,0,0,0.088235294,0,0,13300
0.38,0.588235294,0.010860364,0,0,0,0.147058824,0,0,25000
0.385,0.672634271,0.044825939,0.005642857,0.051282051,0,0.323529412,0,0,33000
0.385,0.652173913,0.008963809,0,0,0,0,0,0,25000
0.385,0.562659847,0.001894831,0,0,0,0,0,0,15700
0.385,0.562659847,0.001894831,0,0,0,0.029411765,0,0,12600
0.365,0.485933504,0.017756927,0.005,0.069230769,0,0.058823529,0.111111111,0.111111111,26000
0.39,0.728900256,0.002239659,0,0,0,0,0,0,9000
0.34,0.409207161,0.000277587,0,0,0,0.058823529,0,0,12600
0.38,0.780051151,0.006205183,0,0,0,0.176470588,0,0,14200
0.355,0.485933504,0.003791386,0.001857143,0.023871795,0,0,0,0,14200
0.375,0.884910486,0.003446558,0,0,0,0,0,0,11700
0.37,0.485933504,0.016722443,0,0,0,0.058823529,0,0,25000
0.355,0.447570332,0.006377597,0.000347857,0.069230769,0,0.029411765,0,0,19900
0.38,0.588235294,0.001217243,0,0,0,0,0,0,12500
0.365,0.549872123,0.003274144,0,0,0,0.029411765,0,0,14900
0.385,0.664961637,0.001068967,0.000129286,0.01274359,0,0,0,0,8100
0.38,0.74168798,0.006894839,0,0,0,0,0,0,29000
0.385,0.618925831,0.004653456,0.000113571,0.038461538,0,0,0,0,18800
0.36,0.434782609,0.005860355,0.000714286,0.066666667,0,0.058823529,0,0,16000
0.36,0.47314578,0.018618998,0,0,0,0,0,0,32000
0.37,0.460358056,0.024653491,7.14E-07,0.053846154,0,0,0,0,28000
0.375,0.728900256,0.002412073,0,0,0,0,0,0,8800
0.375,0.511508951,0.004481042,0.000126429,0.058974359,0,0,0,0,22000
0.385,0.616368286,0.011377606,0.0035,0.11025641,0,0.029411765,0,0,26000
0.355,0.457800512,0.009308637,0,0,0,0.058823529,0,0,18700
0.345,0.519181586,0.00482587,0,0,0,0,0,0,14900
0.36,0.434782609,0.012756919,0,0,0,0.058823529,0,0,21000
0.355,0.460358056,0.005687941,0,0,0,0.235294118,0,0,20000
0.385,0.598465473,0.002412073,0,0,0,0,0,0,13200
0.36,0.485933504,0.010515535,0.035,0.123076923,0,0.029411765,0,0,28000
0.39,0.877237852,0.00482587,0.000160714,0.135897436,0.111111111,0.088235294,0,0,10900
0.38,0.524296675,0.017239685,0.015714286,0.028205128,0,0,0,0,27000
0.365,0.488491049,0.018618998,0.012357143,0.141025641,0,0,0,0,35000
0.395,0.728900256,0.003274144,7.14E-07,0.056410256,0,0,0,0,10900
0.385,0.588235294,0.001632761,0,0,0,0.029411765,0,0,13000
0.36,0.457800512,0.017929341,0,0,0,0,0,0,23000
0,0,0.003274144,0,0,0,0.029411765,0,0,14000
0.385,0.667519182,0.03051557,0.000245714,0.179487179,0,0,0,0,33000
0.36,0.524296675,0.007239668,0.002285714,0.074358974,0,0.029411765,0,0,30000
0.37,0.47314578,0.012584504,0.0015,0.130769231,0,0.029411765,0,0,29000
0.36,0.455242967,0.006205183,0,0,0,0.088235294,0.111111111,0.111111111,17100
0.345,0.480818414,0.00482587,0,0,0,0,0,0,14700
0.37,0.468030691,0.003274144,0,0,0,0,0,0,26000
0.37,0.73657289,0.003274144,0,0,0,0.323529412,0,0,11800
0.38,0.721227621,0.001256899,6.43E-06,0.025230769,0,0,0,0,8300
0.345,0.434782609,0.027756944,0.001,0.176923077,0,0.088235294,0.111111111,0.111111111,37000
0.38,0.57544757,0.007239668,0,0,0,0.029411765,0,0,16700
0.38,0.728900256,0.004481042,0,0,0,0.029411765,0,0,17400
0.37,0.659846547,6.90E-06,0.001285714,0.030769231,0,0,0,0,10500
0.37,0.552429668,0.041377658,0.001142857,0.328205128,0.111111111,0.029411765,0.111111111,0.111111111,62000
0.35,0.442455243,0.002929315,0,0,0,0,0,0,13700
0.37,0.445012788,0.029136257,0,0,0.111111111,0,0.111111111,0.111111111,58000
0.38,0.670076726,0.001722417,0,0,0,0.029411765,0,0,8500
0,0,0.000455173,0,0,0,0,0,0,7600
0.355,0.554987212,0.030170742,0,0,0,0,0,0,46000
0.375,0.680306905,0,0.000159286,0.056410256,0,0.029411765,0,0,11300
0.385,0.498721228,0.072412194,0.015714286,0.361538462,0.777777778,0.058823529,0.777777778,0.777777778,361000
0.355,0.447570332,0.008274152,0,0,0,0,0,0,17400
0.365,0.578005115,0.008963809,0,0,0,0.117647059,0,0,18400
0.345,0.470588235,0.012929333,0,0,0,0.088235294,0,0,32000
0.37,0.460358056,0.009136223,0,0,0,0,0,0,20000
0.385,0.460358056,0.009481051,0.059285714,0.079487179,0,0,0,0,38000
0.39,0.716112532,0.001267244,7.14E-07,0.028205128,0,0,0,0,8300
0.37,0.514066496,0.011377606,0,0,0,0,0,0,19900
0.36,0.470588235,0.017584513,0,0,0,0.029411765,0.111111111,0.111111111,27000
0.385,0.601023018,0.027756944,2.14E-06,0.125641026,0,0.029411765,0,0,32000
0.38,0.595907928,0.009653465,0,0,0,0.058823529,0,0,21000
0.35,0.434782609,0.019308654,0,0,0,0.029411765,0,0,25000
0.365,0.47314578,0.029481085,0,0,0,0.029411765,0,0,37000
0.39,0.795396419,0.009481051,0.000242857,0.105128205,0,0.029411765,0,0,12700
0.37,0.488491049,0.002239659,4.07E-05,0.025,0,0,0,0,15300
0.365,0.434782609,0.007584496,4.00E-05,0.058974359,0,0.029411765,0,0,21000
0.36,0.560102302,0.008274152,0,0,0,0,0,0,24000
0.38,0.613810742,0.024998319,0.003785714,0.107692308,0,0.176470588,0,0,27000
0.36,0.434782609,0.004998284,0.0015,0.046153846,0,0.029411765,0,0,21000
0.36,0.445012788,0.001653451,0,0,0,0.088235294,0,0,17500
0.36,0.544757033,0.020515553,0,0,0,0,0,0,30000
0.375,0.47314578,0.007584496,0.001142857,0.048717949,0,0,0,0,22000
0.38,0.57544757,0.026377632,0.006571429,0.151282051,0,0,0,0,40000
0.365,0.439897698,0.006894839,6.57E-05,0.041025641,0,0,0,0,27000
0.385,0.726342711,0.004136214,0,0,0,0,0,0,13100
0.395,0.805626598,0.022412108,0,0,0,0.029411765,0,0,18800
0.39,0.552429668,0.012929333,0.000785714,0.084615385,0,0,0,0,28000
0.38,0.754475703,0.001722417,0,0,0,0,0,0,8400
0.37,0.705882353,0.026894874,0,0,0.111111111,0.147058824,0.111111111,0.111111111,24000
0.36,0.460358056,0.004998284,0,0,0,0.029411765,0,0,17800
0.38,0.537084399,0.016550029,0.000113571,0.038461538,0,0,0,0,23000
0.365,0.460358056,0.004481042,0,0,0,0,0.111111111,0.111111111,18500
0.36,0.501278772,0.023274178,0.007214286,0.141025641,0,0.323529412,0,0,46000
0.36,0.511508951,0.0039638,0,0,0,0.176470588,0,0,14200
0.38,0.680306905,0.167239944,0,0,0.111111111,0.029411765,0.111111111,0.111111111,94000
0.375,0.590792839,0.006894839,0.000320714,0.092307692,0,0.058823529,0,0,23000
0.375,0.549872123,0.006894839,0,0,0,0.088235294,0,0,27000
0.385,0.713554987,0.002756901,0,0,0,0,0,0,9100
0.385,0.516624041,0.007239668,9.29E-05,0.018538462,0,0.088235294,0,0,20000
0.37,0.562659847,0.00775691,0,0,0,0.088235294,0,0,17500
0.385,0.818414322,0.043101798,0,0,0,0.058823529,0,0,15300
0.375,0.588235294,0.012929333,0,0,0,0.088235294,0,0,24000
0.335,0.460358056,0.001525865,0,0,0,0,0.111111111,0.111111111,13700
0.355,0.442455243,0.017412099,0,0,0,0.029411765,0,0,25000
0.37,0.447570332,0.008963809,0,0,0,0,0,0,23000
0.345,0.447570332,0.007584496,0.000473571,0.016128205,0.111111111,0.235294118,0.111111111,0.111111111,16500
0.39,0.639386189,0.002067245,0,0,0,0,0,0,17800
0.355,0.524296675,0.029825913,0.025,0.08974359,0,0.058823529,0,0,37000
0.36,0.675191816,0.009653465,0,0,0,0,0,0,18000
0.365,0.659846547,0.005687941,0,0,0,0.029411765,0,0,12700
0.37,0.554987212,0.004136214,0,0,0,0,0,0,21000
0.37,0.447570332,0.008101738,0.006285714,0.043589744,0,0.323529412,0,0,22000
0.375,0.501278772,0.002067245,0.00056,0.025641026,0,0.029411765,0,0,13000
0.375,0.618925831,0.006722425,0.001928571,0.030769231,0,0,0,0,11400
0.36,0.498721228,0.007412082,0,0,0,0.088235294,0,0,16100
0.355,0.460358056,0.00482587,0,0,0,0,0,0,14700
0.33,0.445012788,0.058619067,0,0,0.111111111,0.235294118,0.111111111,0.111111111,60000
0.375,0.47314578,0.007239668,0.012785714,0.053846154,0,0.058823529,0,0,22000
0.36,0.531969309,0.007929324,9.14E-05,0.069230769,0,0,0,0,21000
0.365,0.439897698,0.012067262,0.000102857,0.058974359,0,0.058823529,0,0,20000
0.365,0.537084399,0.002584487,0,0,0,0,0,0,9000
0.35,0.396419437,0.005515527,0.007642857,2.56E-05,0,0.029411765,0,0,20000
0.38,0.639386189,0.007239668,9.29E-06,0.066666667,0,0,0,0,13500
0.37,0.460358056,0.005343113,0,0,0.111111111,0.058823529,0.111111111,0.111111111,15100
0.35,0.480818414,0.011722434,0,0,0,0.205882353,0,0,25000
0.365,0.560102302,0.015170716,0,0,0,0,0,0,20000
0.36,0.524296675,0.022239694,0.034285714,0.120512821,0.111111111,0.205882353,0,0,44000
0.375,0.549872123,0.00482587,0.001785714,0.092307692,0,0.176470588,0,0,22000
0.34,0.398976982,0.014825888,0.000151429,0.051282051,0,0.323529412,0,0,25000
0.345,0.434782609,0.00482587,7.14E-07,0.041025641,0,0.029411765,0,0,15000
0.385,0.531969309,0.001894831,0,0,0,0,0,0,25000
0.355,0.508951407,0.031722468,0,0,0,0,0,0,42000
0.365,0.485933504,0.011722434,0.002571429,0.074358974,0,0.029411765,0,0,19900
0.375,0.598465473,0.004481042,0,0,0,0,0.111111111,0.111111111,15100
0.385,0.652173913,0.005343113,0.000153571,0.046153846,0,0.088235294,0,0,10300
0.39,0.588235294,0.003446558,0.000212857,0.053846154,0,0.088235294,0,0,15100
0.375,0.511508951,0.0039638,0,0,0,0,0,0,14500
0.365,0.491048593,0.023274178,0,0,0,0.029411765,0,0,13900
0.365,0.537084399,0.0039638,0,0,0,0,0,0,19600
0.365,0.496163683,0.00482587,0.000124286,0.084615385,0,0,0,0,25000
0.335,0.388746803,0.004481042,0,0,0.111111111,1,0,0,14600
0.35,0.421994885,0.146550253,0.011357143,0.102564103,0.222222222,0,0.222222222,0.222222222,109000
0.35,0.427109974,0.01913624,0.001571429,0.046153846,0.111111111,0.088235294,0.111111111,0.111111111,24000
0.35,0.506393862,0.001186209,0,0,0,0.058823529,0,0,7000
0.375,0.511508951,0.00775691,0,0,0,0.029411765,0,0,16900
0.37,0.639386189,0.006032769,0,0,0.111111111,0.117647059,0.111111111,0.111111111,11300
0.36,0.511508951,0.019825896,0.006214286,0.253846154,0,0,0,0,32000
0.395,0.846547315,0.003446558,0,0,0,0,0,0,9600
0.39,0.716112532,0.002239659,5.36E-05,0.071794872,0,0,0,0,12600
0.39,0.549872123,0.003791386,0.000364286,0.024461538,0,0,0,0,18300
0.385,0.57544757,0.002584487,0,0,0,0.029411765,0,0,18200
0.35,0.427109974,0.022239694,0,0,0,0.058823529,0,0,26000
0.36,0.460358056,0.014653474,0,0,0,0.088235294,0,0,30000
0.365,0.677749361,0.002067245,0,0,0,0,0,0,8500
0.36,0.439897698,0.003618972,0,0,0.111111111,0.147058824,0.111111111,0.111111111,14100
0.375,0.869565217,0.005170699,0,0,0,0,0,0,13600
0.375,0.511508951,0.014481059,0,0,0,0.029411765,0,0,35000
0.36,0.450127877,0.000536208,0,0,0.111111111,0.117647059,0.111111111,0.111111111,23000
0.38,0.754475703,0.001894831,0,0,0,0,0,0,8900
0.385,0.583120205,0.002756901,0,0,0,0.058823529,0,0,13400
0,0,0.002756901,0,0,0,0,0,0,12000
0.37,0.549872123,0.010687949,0,0,0,0.058823529,0,0,22000
0.385,0.749360614,0.003618972,0.000928571,0.133333333,0,0,0,0,12200
0.365,0.498721228,0.00861898,4.00E-05,0.041025641,0,0.029411765,0,0,21000
0.365,0.524296675,0.006205183,0,0,0.111111111,0.205882353,0,0,21000
0.37,0.508951407,0.008791394,0,0,0,0.176470588,0,0,24000
0.38,0.626598465,0.013791403,0,0,0.111111111,1,0.111111111,0.111111111,26000
0.355,0.388746803,0.032929367,0.018571429,0.128205128,0,0.147058824,0.111111111,0.111111111,37000
0.35,0.447570332,0.014136231,0,0,0,0,0,0,21000
0.38,0.562659847,0.001894831,0.000178571,0.043589744,0,0,0,0,14000
0.375,0.549872123,0.005515527,0,0,0,0,0,0,19800
0.35,0.452685422,0.008446566,0.004214286,0.066666667,0,0.058823529,0.111111111,0.111111111,17800
0.37,0.641943734,1.72E-06,0.011214286,0.11025641,0,0.088235294,0,0,14100
0.345,0.455242967,0.009998293,0,0,0,0.058823529,0,0,26000
0.375,0.831202046,0.004481042,0,0,0,0.088235294,0,0,13200
0.365,0.462915601,0.009481051,5.50E-05,0.051282051,0,0,0,0,22000
0.385,0.549872123,0.003274144,0.000459286,0.041025641,0,0,0,0,18800
0.375,0.511508951,0.003791386,0.000112143,0.035897436,0,0,0,0,19700
0.39,0.74168798,0.002067245,0,0,0,0.029411765,0,0,8800
0.36,0.447570332,0.013618989,0.001928571,0.035897436,0,0.058823529,0,0,21000
0.365,0.493606138,0.00775691,0,0,0.111111111,1,0,0,22000
0.375,0.539641944,0.020343139,0,0,0,0,0,0,38000
0.375,0.47314578,0.009308637,0,0,0,0,0,0,17800
0.355,0.485933504,0.023963834,0.000633571,0.105128205,0,0,0,0,40000
0.35,0.447570332,0.003618972,0,0,0,0,0,0,15500
0.37,0.537084399,0.013618989,0.000146429,0.138461538,0,0,0,0,31000
0.385,0.690537084,0.027067288,0.001714286,0.261538462,0.111111111,0,0.111111111,0.111111111,80000
0.36,0.480818414,0.025515561,0.056428571,0.120512821,0,0,0,0,46000
0.38,0.79028133,0.008101738,7.14E-07,0.074358974,0,0,0,0,15300
0.355,0.404092072,0.002067245,0,0,0,0.029411765,0,0,7800
0.375,0.767263427,0.003274144,0,0,0,0,0,0,9100
0.375,0.664961637,0.001894831,0,0,0,0,0,0,11100
0.37,0.501278772,0.006377597,0,0,0,0.323529412,0,0,15800
0.375,0.828644501,0.005170699,7.14E-07,0.146153846,0,0.117647059,0,0,14400
0.38,0.552429668,0.037929376,0,0,0.111111111,0.058823529,0.111111111,0.111111111,77000
0.38,0.639386189,0.002412073,0,0,0,0,0,0,9100
0.395,0.74168798,0.001172416,0,0,0.111111111,0.147058824,0.111111111,0.111111111,8300
0.36,0.519181586,0.003618972,4.93E-05,0.025641026,0,0,0,0,16200
0.355,0.447570332,0.020343139,0.057857143,0.153846154,0.111111111,0.029411765,0,0,42000
0.37,0.544757033,0.015687958,0.000131429,0.08974359,0,0.117647059,0,0,31000
0.375,0.557544757,0.010687949,4.29E-06,0.123076923,0,0,0,0,25000
0.39,0.703324808,0.002929315,0,0,0,0,0,0,9100
0.39,0.767263427,0.003446558,0.000327143,0.043589744,0,0.029411765,0,0,11700
0.375,0.537084399,0.009136223,0.003642857,0.064102564,0,0,0,0,18100
0.35,0.460358056,0.00861898,0,0,0,0.088235294,0,0,19200
0.38,0.882352941,0.006722425,0.000857143,0.056410256,0,0.117647059,0,0,10900
0.355,0.491048593,0.003446558,0,0,0,0,0,0,14500
0.385,0.659846547,0.027239702,0,0,0,0.058823529,0,0,24000
0.365,0.557544757,0.029825913,0.020714286,0.117948718,0,0.058823529,0,0,40000
0.365,0.434782609,0.004308628,0,0,0,0.029411765,0,0,20000
0.365,0.485933504,0.00482587,0,0,0,0.029411765,0,0,15200
0.38,0.849104859,0.010170707,0.000785714,0.097435897,0.222222222,0.147058824,0,0,12900
0.345,0.557544757,0.010687949,0.00049,0.023,0,0.088235294,0,0,21000
0.37,0.524296675,0.006377597,0,0,0,0,0,0,18400
0.375,0.554987212,0.009308637,0.000478571,0.056410256,0,0.029411765,0,0,30000
0.38,0.583120205,0.003274144,1.71E-05,0.011025641,0,0,0,0,14700
0,0,0.002067245,0,0,0.111111111,0.235294118,0.111111111,0.111111111,16300
0.385,0.854219949,0.00482587,0.000115714,0.030769231,0,0,0,0,12400
0.375,0.601023018,0.002239659,2.14E-06,0.020974359,0,0,0,0,14600
0.375,0.496163683,0.005515527,0.00048,0.08974359,0,0,0,0,19600
0.365,0.483375959,0.019308654,0.001428571,0.123076923,0,0,0,0,41000
0.355,0.447570332,0.041377658,0,0,0.111111111,0.029411765,0.111111111,0.111111111,52000
0.355,0.485933504,0.014825888,0,0,0,0,0,0,21000
0.355,0.562659847,0.013963817,0,0,0,0.029411765,0,0,20000
0.375,0.549872123,0.000153449,0.004857143,0.074358974,0,0,0,0,14500
0.355,0.480818414,0.013101747,0.000116429,0.071794872,0,0,0,0,25000
0.375,0.882352941,0.000112069,0,0,0,0.029411765,0,0,11700
0.37,0.447570332,0.007584496,0,0,0,0,0,0,17500
0.355,0.434782609,0.000110345,0,0,0,0,0,0,16100
0.375,0.483375959,0.039653517,1.29E-05,0.171794872,0.111111111,0.029411765,0.111111111,0.111111111,59000
0.35,0.421994885,0.008101738,0.000437143,0.025641026,0,0.323529412,0,0,16900
0.375,0.549872123,0.005860355,0,0,0,0,0,0,16300
0.345,0.434782609,0.008446566,0.028571429,0.105128205,0,0.058823529,0,0,23000
0.355,0.485933504,0.060343207,0.000785714,0.097435897,0.111111111,0,0.111111111,0.111111111,67000
0.36,0.485933504,0.044825939,0.032142857,0.056410256,0,0.029411765,0,0,49000
0.385,0.68286445,0.001460347,0,0,0,0,0.111111111,0.111111111,8400
0.37,0.498721228,0.018274169,4.86E-05,0.051282051,0,0.058823529,0,0,23000
0.375,0.485933504,0.03430868,0.000576429,0.102564103,0,0.088235294,0,0,44000
0.375,0.567774936,0.004653456,0,0,0,0,0,0,14800
0.375,0.583120205,0.005860355,0.001928571,0.092307692,0,0,0,0,24000
0.365,0.508951407,0.004481042,0,0,0,0,0,0,19300
0.39,0.621483376,0.004998284,0,0,0,0.088235294,0,0,9900
0.35,0.496163683,0.008791394,0,0,0,0,0,0,7600
0.39,0.74168798,0.002584487,0,0,0,0,0.111111111,0.111111111,8700
0.375,0.524296675,0.023619006,0.00031,0.021282051,0,0.029411765,0.111111111,0.111111111,30000
0.355,0.434782609,0.00124483,0,0,0,0,0.111111111,0.111111111,7600
0.365,0.588235294,0.006205183,0.000510714,0.020358974,0,0.088235294,0,0,20000
0.38,0.657289003,0.004653456,0.000184286,0.082051282,0,0.088235294,0,0,16400
0.385,0.519181586,0.004481042,0,0,0,0.029411765,0,0,20000
0.355,0.485933504,0.010343121,2.07E-05,0.041025641,0,0.058823529,0.111111111,0.111111111,18600
0.38,0.57544757,0.005515527,2.07E-05,0.082051282,0,0.029411765,0,0,21000
0.37,0.460358056,0.021550037,0.000246429,0.194871795,0.111111111,0.147058824,0.111111111,0.111111111,32000
0.37,0.511508951,0.005343113,0,0,0,0,0,0,15100
0.345,0.468030691,0.024653491,0.000928571,0.061538462,0.111111111,0.088235294,0.111111111,0.111111111,36000
0.365,0.493606138,0.002756901,0,0,0,0,0,0,13600
0.365,0.531969309,0.006722425,0,0,0,0.088235294,0.111111111,0.111111111,20000
0.385,0.907928389,0.023101764,0.000137143,0.169230769,0,0,0,0,26000
0.355,0.409207161,0.003618972,0,0,0,0,0,0,14100
0.36,0.491048593,0.013963817,0.004071429,0.112820513,0,0.029411765,0,0,27000
0.365,0.562659847,0.006205183,0.00018,0.028205128,0,0,0,0,15700
0.355,0.442455243,0.005687941,0,0,0,0.058823529,0,0,21000
0.375,0.572890026,0.004136214,0.004571429,0.069230769,0,0.029411765,0,0,17500
0.385,0.723785166,0.001722417,0,0,0,0,0,0,11200
0.36,0.485933504,0.016894857,0.012642857,0.035897436,0,0,0,0,29000
0.37,0.462915601,0.010860364,0,0,0.111111111,0.147058824,0,0,26000
0.36,0.498721228,0.009481051,0.001642857,0.1,0,0.029411765,0,0,27000
0.355,0.375959079,0.018101755,0.008928571,0.082051282,0,0,0,0,29000
0.375,0.647058824,0.00482587,0,0,0,0,0,0,18600
0.365,0.498721228,0.005343113,0,0,0.111111111,1,0,0,18800
0.375,0.716112532,0.001627589,7.57E-05,0.035897436,0,0.029411765,0,0,10800
0.355,0.557544757,0.012584504,0,0,0,0,0,0,19600
0.37,0.524296675,0,0.00015,0.048717949,0,0,0,0,14200
0.385,0.703324808,0.002929315,0,0,0,0.058823529,0.111111111,0.111111111,13400
0.34,0.560102302,0.044825939,0,0,0,0,0,0,49000
0.385,0.74168798,0.002756901,0,0,0,0,0,0,9100
0.385,0.626598465,0.002584487,5.00E-06,0.033333333,0,0,0,0,12200
0.335,0.452685422,0.007929324,0,0,0,0,0,0,18000
0.37,0.511508951,0.008101738,0.000441429,0.064102564,0,0,0,0,15200
0.355,0.480818414,0.016550029,0,0,0,0.029411765,0,0,25000
0.395,0.588235294,0.000898277,0,0,0,0,0,0,6800
0.365,0.42455243,0.006032769,0.000785714,0.056410256,0,0.029411765,0,0,16300
0.375,0.485933504,0.002929315,0,0,0,0,0,0,18300
0.385,0.754475703,0.001520692,4.00E-05,0.028205128,0,0,0,0,11000
0.365,0.52685422,0.016377614,0,0,0,0.029411765,0,0,25000
0.37,0.58056266,0.004653456,0.00067,0.069230769,0,0.029411765,0,0,15400
0.385,0.767263427,0.006377597,7.14E-07,0.061538462,0,0.029411765,0,0,10900
0.37,0.519181586,0.003101729,0,0,0.111111111,0.029411765,0.111111111,0.111111111,17100
0.385,0.57544757,0.006722425,0,0,0,0.029411765,0,0,25000
0.365,0.511508951,0.018101755,0,0,0.111111111,0.029411765,0.111111111,0.111111111,53000
0.375,0.716112532,0.008101738,0.000201429,0.058974359,0,0.058823529,0,0,15300
0.385,0.831202046,0.02672246,0.002428571,0.148717949,0.111111111,1,0,0,32000
0.385,0.73657289,0.000841381,0,0,0,0.058823529,0,0,10500
0.36,0.447570332,0.014136231,0,0,0,0,0,0,27000
0.375,0.608695652,0.006032769,0,0,0,0.029411765,0,0,19800
0.36,0.447570332,0.01241209,0,0,0,0,0,0,28000
0.395,0.613810742,0.001015519,0,0,0,0.029411765,0,0,7600
0.375,0.716112532,0.027929358,0,0,0,0,0,0,24000
0.385,0.690537084,0.001362071,7.00E-05,0.035897436,0,0.058823529,0,0,8400
0.38,0.562659847,0.002584487,0,0,0,0,0,0,19100
0.36,0.409207161,0.028101773,0.023571429,0.069230769,0,0,0,0,40000
0.39,0.68286445,0.005687941,0.004214286,0.128205128,0,0,0.111111111,0.111111111,12700
0.38,0.84398977,0.003274144,0.000104286,0.035897436,0,0.029411765,0,0,13300
0.38,0.626598465,0.00083276,0,0,0,0.029411765,0,0,11100
0.385,0.677749361,0.007584496,0.000486429,0.097435897,0,0,0,0,13700
0.375,0.511508951,0.005343113,0,0,0,0.029411765,0,0,21000
0.355,0.47314578,0.002584487,0,0,0,0.029411765,0,0,7600
0.345,0.447570332,0.009481051,0.000111429,0.061538462,0.111111111,0.147058824,0.111111111,0.111111111,22000
0.365,0.434782609,0.003791386,0,0,0,0.088235294,0,0,20000
0.38,0.856777494,0.001894831,0.000147857,0.043589744,0,0.058823529,0,0,8800
0.375,0.524296675,0.008101738,0.000229286,0.041025641,0,0.029411765,0,0,22000
0.38,0.57544757,0.009308637,0.009142857,0.094871795,0,0.029411765,0,0,21000
0.375,0.549872123,0.0039638,0,0,0,0,0,0,18800
0.37,0.703324808,0.004998284,0,0,0,0.058823529,0,0,10500
0.38,0.616368286,1.72E-05,0,0,0,0,0,0,12400
0.395,0.626598465,0.000937933,0,0,0,0,0,0,12000
0.38,0.805626598,0.037929376,4.93E-05,0.302564103,0.222222222,0.058823529,0.222222222,0.222222222,112000
0.365,0.514066496,0.009653465,0.007214286,0.087179487,0.111111111,0.117647059,0.111111111,0.111111111,19300
0.355,0.470588235,0,0,0,0,0.029411765,0,0,19200
0.395,0.754475703,0.002929315,7.29E-05,0.058974359,0,0,0,0,9400
0.38,0.588235294,0.003791386,0.000602857,0.033333333,0,0,0.111111111,0.111111111,14200
0.375,0.485933504,0.032239711,0,0,0.111111111,0,0.111111111,0.111111111,51000
0.375,0.562659847,0,0,0,0,0,0,0,15100
0.38,0.705882353,0.01155002,1.64E-05,0.071794872,0.111111111,1,0.111111111,0.111111111,12800
0.36,0.447570332,0.018274169,0.000218571,0.035897436,0,0.029411765,0.222222222,0.222222222,21000
0.385,0.805626598,0.003274144,0,0,0,0.088235294,0,0,9000
0.355,0.447570332,0.004998284,0,0,0,0,0,0,19200
0.39,0.895140665,0.000743105,1.79E-05,0.008153846,0,0,0,0,10100
0.37,0.508951407,0.053446644,0.034285714,0.397435897,0.111111111,0.058823529,0.111111111,0.111111111,67000
0,0,0.001598279,0,0,0,0.058823529,0,0,7700
0.385,0.74168798,0.003791386,0.000198571,0.074358974,0.111111111,0.058823529,0,0,9900
0.365,0.434782609,0.004481042,0,0,0.111111111,0.235294118,0.111111111,0.111111111,14400
0.39,0.611253197,0.000746553,0,0,0,0.029411765,0,0,7500
0.345,0.511508951,0.004308628,0.000217143,0.041025641,0,0.058823529,0,0,19400
0.385,0.74168798,0.021377623,0.004214286,0.2,0,0,0,0,28000
0.35,0.450127877,0.056894926,0.024285714,0.115384615,0.111111111,0.235294118,0.111111111,0.111111111,59000
0.39,0.728900256,0.001625865,0,0,0,0.029411765,0,0,8400
0.385,0.754475703,0.000693105,0,0,0,0.058823529,0,0,8600
0.365,0.652173913,0.007584496,0.000137143,0.056410256,0,0,0,0,15400
0.38,0.498721228,0.003446558,0,0,0,0,0,0,18900
0.37,0.531969309,0.00482587,0,0,0,0.029411765,0,0,20000
0.385,0.664961637,0.007067254,0,0,0,0,0,0,10900
0.395,0.882352941,0.004308628,0.000420714,0.043589744,0,0,0,0,9700
0.355,0.470588235,0.010515535,0,0,0,0.029411765,0,0,26000
0.375,0.506393862,0.020170724,0.002428571,0.087179487,0.111111111,0.235294118,0.111111111,0.111111111,30000
0.37,0.47314578,0.015687958,0,0,0,0.147058824,0,0,33000
0.375,0.460358056,1,0.017142857,0.948717949,1,0.088235294,1,1,457000
0.37,0.447570332,0.693102919,1,0.148717949,1,0.029411765,1,1,451000
0.39,0.485933504,0.936206787,0.000567857,0.020384615,1,0.147058824,1,1,417000
0.37,0.409207161,0.649999397,0.005357143,0.192307692,0.666666667,0,0.666666667,0.666666667,295000
0.375,0.511508951,0.448274911,0.013714286,0.492307692,0.444444444,0.176470588,0.444444444,0.444444444,203000
0.37,0.434782609,0.37068857,0.001214286,0.043589744,0.333333333,0,0.333333333,0.333333333,167000
0.405,0.549872123,0.362067866,0.001142857,0.041025641,0.333333333,0,0.333333333,0.333333333,162000
0.365,0.409207161,0.265515975,0.035,0.061538462,0.222222222,0.088235294,0.222222222,0.222222222,128000
0.38,0.47314578,0.196550339,0.02,0.138461538,0.111111111,1,0.111111111,0.111111111,95000
0.365,0.447570332,0.165515803,0.09,0.105128205,0.111111111,0,0.111111111,0.111111111,91000
0.37,0.485933504,0.186205493,0.013428571,0.153846154,0.111111111,0.029411765,0.111111111,0.111111111,91000
0.395,0.511508951,0.144826112,0.020714286,0.133333333,0.111111111,0.058823529,0.111111111,0.111111111,77000
0.375,0.421994885,0.162067521,7.14E-07,2.56E-05,0.111111111,0.058823529,0.111111111,0.111111111,76000
0.39,0.498721228,0.146550253,0.001,0.035897436,0.111111111,0,0.111111111,0.111111111,71000
0.38,0.460358056,0.129308844,0.007642857,0.025641026,0.111111111,0.029411765,0.111111111,0.111111111,64000
0.4,0.485933504,0.099998448,0.0015,0.31025641,0.111111111,0.117647059,0.111111111,0.111111111,57000
0.4,0.485933504,0.089653603,0.033571429,0.028205128,0.111111111,0,0.111111111,0.111111111,57000
0.4,0.498721228,0.08448118,0.004714286,0.169230769,0,0.176470588,0,0,46000
0.375,0.447570332,0.086205321,7.14E-07,0.035897436,0,0,0,0,45000
0.4,0.460358056,0.082757039,0.003428571,0.123076923,0,0,0,0,44000
0.35,0.427109974,0.060343207,0.027857143,0.061538462,0,0.058823529,0,0,43000
0.405,0.562659847,0.075860476,7.57E-05,0.024307692,0.111111111,1,0,0,42000
0.36,0.396419437,0.074136335,0.001428571,0.033333333,0,0.058823529,0,0,39000
0.4,0.47314578,0.056894926,0.006357143,0.328205128,0,0.176470588,0,0,38000
0.36,0.383631714,0.067239771,0.000589286,0.021153846,0.111111111,0.235294118,0.111111111,0.111111111,37000
0.36,0.421994885,0.060343207,0.000531429,0.019076923,0,0.088235294,0,0,35000
0.4,0.652173913,0.063791489,0.000785714,0.028205128,0,0.029411765,0,0,35000
0.375,0.47314578,0.049998362,0.002857143,0.102564103,0.111111111,1,0,0,35000
0.375,0.434782609,0.04655008,0.001928571,0.284615385,0,0,0,0,34000
0.425,0.677749361,0.053446644,0.003642857,0.076923077,0,0.029411765,0,0,33000
0.395,0.485933504,0.067239771,0,1,0,0.029411765,0,0,33000
0.395,0.485933504,0.056894926,3.71E-05,0.041025641,0,0.088235294,0.444444444,0.444444444,33000
0.365,0.434782609,0.048274221,0.0015,0.053846154,0,0,0,0,32000
0.4,0.562659847,0.041377658,1.43E-06,0.117948718,0.111111111,1,0,0,32000
0.405,0.511508951,0.041377658,8.93E-05,0.043589744,0,0,0,0,30000
0.365,0.460358056,0.044825939,0.002214286,0.079487179,0,0.176470588,0,0,30000
0.375,0.434782609,0.041377658,0.003142857,0.071794872,0,0.058823529,0.111111111,0.111111111,29000
0.39,0.57544757,0.043101798,0.000117143,0.069230769,0,0.088235294,0,0,29000
0.39,0.409207161,0.055170785,0.000465714,0.016717949,0.111111111,0.029411765,0,0,29000
0.425,0.562659847,0.051722503,0.003,0.107692308,0,0.029411765,0,0,29000
0.405,0.498721228,0.058619067,0,0.871794872,0,0.029411765,0,0,29000
0.36,0.447570332,0.04655008,0.000785714,0.028205128,0,0.117647059,0,0,28000
0.4,0.511508951,0.039653517,0.000785714,0.053846154,0,0.176470588,0,0,28000
0.38,0.47314578,0.041377658,0.001428571,0.058974359,0,0,0,0,28000
0.305,0.396419437,0.04655008,7.14E-07,2.56E-05,0.111111111,0.117647059,0,0,28000
0.4,0.511508951,0.032584539,0.000140714,0.061538462,0.444444444,0.176470588,0,0,27000
0.445,0.703324808,0.053446644,0,0.794871795,0.111111111,1,0,0,27000
0.4,0.460358056,0.044825939,2.79E-05,0.024692308,0.222222222,0.088235294,0,0,27000
0.375,0.447570332,0.031550054,0.004285714,0.153846154,0,0.029411765,0,0,26000
0.375,0.47314578,0.041377658,0.000302857,0.010871795,0,0,0,0,26000
0.38,0.460358056,0.034481094,6.50E-05,0.022051282,0,0.176470588,0.444444444,0.444444444,26000
0.37,0.485933504,0.041377658,0.000785714,0.028205128,0,0,0,0,25000
0.38,0.485933504,0.031894883,7.57E-05,0.056410256,0,0.176470588,0,0,25000
0.37,0.447570332,0.03051557,0.000470714,0.123076923,0,0,0,0,25000
0.385,0.460358056,0.037929376,7.50E-05,0.079487179,0,0,0,0,25000
0.39,0.460358056,0.051722503,0,0.769230769,0,0,0,0,25000
0.41,0.767263427,0.000777588,0.102857143,0.074358974,0.111111111,1,0,0,24000
0.405,0.639386189,0.029481085,0.001642857,0.058974359,1,0.088235294,0,0,24000
0.39,0.562659847,0.048274221,0,0.717948718,0,0,0,0,24000
0.375,0.47314578,0.029481085,0.002357143,0.115384615,0,0,0,0,24000
0.38,0.460358056,0.02379142,0.001071429,0.038461538,0,0.029411765,0,0,23000
0.39,0.460358056,0.025860389,0.000857143,0.192307692,0,0,0,0,23000
0.38,0.498721228,0.021377623,0.001357143,0.048717949,0,0,0,0,23000
0.395,0.549872123,0.023274178,0.000649286,0.022923077,0,0.088235294,0,0,23000
0.385,0.447570332,0.043101798,0,0.641025641,0.222222222,0.088235294,0,0,23000
0.395,0.549872123,0.031722468,0.007142857,0.025641026,0.111111111,1,0,0,22000
0.395,0.460358056,0.033619023,7.14E-07,0.018589744,1,0.147058824,0,0,22000
0.365,0.421994885,0.025515561,0.003071429,0.11025641,0,0.058823529,0,0,22000
0.39,0.511508951,0.032584539,2.79E-05,0.043589744,0,0,0,0,22000
0.38,0.498721228,0.032584539,0.001785714,0.041025641,0,0.088235294,0,0,22000
0.38,0.434782609,0.024308663,0.003642857,0.128205128,0,0,0,0,22000
0.4,0.549872123,0.031205226,0.000122857,0.069230769,0.111111111,0.117647059,0,0,22000
0.375,0.485933504,0.019481068,0.006214286,0.223076923,0,0,0,0,21000
0.38,0.47314578,0.023619006,0.000367857,0.097435897,0,0.029411765,0,0,21000
0.4,0.498721228,0.026377632,0.013285714,0.053846154,0,0.176470588,0,0,21000
0.37,0.498721228,0.015687958,5.64E-05,0.064102564,0,0.176470588,0,0,21000
0.36,0.421994885,0.022584522,0.005285714,0.035897436,0.444444444,0.176470588,0,0,21000
0.4,0.613810742,0.028101773,0.001928571,0.069230769,0.111111111,1,0,0,20000
0.4,0.524296675,0.028101773,0.003642857,0.11025641,0,0.176470588,0,0,20000
0.415,0.588235294,0.026205218,0.0035,0.125641026,0,0,0,0,20000
0.37,0.396419437,0.028619015,0.000366429,0.013153846,0,0,0,0,20000
0.375,0.460358056,0.028101773,3.57E-06,0.030769231,0,0.176470588,0,0,20000
0.305,0.383631714,0.028446601,0.00038,0.013641026,0,0,0,0,20000
0.4,0.524296675,0.017067271,0.030714286,0.015487179,0,0,0,0,19700
0.385,0.47314578,0.02758453,0.000857143,0.017384615,0,0.029411765,0,0,19700
0.38,0.460358056,0.017412099,0.001571429,0.056410256,0,0,0,0,19400
0.39,0.460358056,0.013963817,0.015714286,0.146153846,0,0,0,0,19200
0.37,0.396419437,0.026550046,0.00035,0.012564103,0,0.058823529,0,0,19200
0.385,0.460358056,0.014653474,0.001285714,0.046153846,0,0.029411765,0,0,19000
0.42,0.511508951,0.025687975,0.000785714,0.028205128,0,0,0,0,19000
0.34,0.488491049,0.024998319,0.001857143,0.020769231,0,0,0,0,18600
0.4,0.537084399,0.026205218,0.001357143,0.048717949,0,0,0,0,18600
0.41,0.537084399,0.018274169,0.000375,0.013461538,0,0.088235294,0,0,18600
0.42,0.537084399,0.017067271,0.002071429,0.074358974,0,0.029411765,0,0,18600
0.375,0.409207161,0.0162052,0.000137143,0.105128205,0,0,0.111111111,0.111111111,18400
0.375,0.460358056,0.020687967,7.14E-06,0.02274359,0,0.029411765,0,0,16400
0.35,0.421994885,0.014136231,0.000928571,0.033333333,0,0.058823529,0,0,16300
0.38,0.421994885,0.01913624,0.001571429,0.056410256,0,0.029411765,0,0,16200
0.375,0.421994885,0.010687949,0.001071429,0.038461538,0,0.058823529,0,0,16200
0.385,0.485933504,0.019653482,0.001428571,0.051282051,0.111111111,0.058823529,0,0,15600
0.38,0.447570332,0.00775691,0.001071429,0.041025641,0,0.058823529,0,0,15300
0.37,0.485933504,0.010170707,7.14E-07,0.061538462,0,0,0,0,14800
0.37,0.383631714,0.016377614,0.000267143,0.009589744,0,0,0,0,14700
0.36,0.421994885,0.016032786,0.000478571,0.017179487,0,0,0,0,14600
0.36,0.421994885,0.014825888,0.000215714,0.00774359,0,0,0,0,14000
0.375,0.447570332,0.014308645,0.000785714,0.028205128,0,0.235294118,0,0,14000
0.36,0.460358056,0.013963817,0.000411429,0.014769231,0,0,0,0,13600
0.38,0.447570332,0.013274161,0.001785714,0.064102564,0,0,0,0,13500
0.37,0.498721228,0.012756919,0.000714286,0.024974359,0,0.058823529,0.222222222,0.222222222,13300
0.37,0.434782609,0.004998284,0.004,0.035897436,0,0,0,0,13200
0.375,0.319693095,0.020687967,0,0.307692308,0,0.058823529,0.111111111,0.111111111,12700
0.365,0.460358056,0.01155002,0.000235,0.008435897,0,0,0,0,12400
0.365,0.485933504,0.004308628,0.000714286,0.025641026,0,0.029411765,0,0,11900
0.375,0.434782609,0.008791394,0.001428571,0.051282051,0,0,0,0,11800
0.36,0.434782609,0.007584496,0.000635,0.022794872,0,0,0,0,11600
0.36,0.409207161,0.000300001,0,0.004487179,0,0.176470588,0,0,11400
0.37,0.409207161,0.008274152,0.000785714,0.028205128,0,0,0,0,11400
0.365,0.434782609,0.007584496,0.001071429,0.038461538,0,0,0,0,11200
0.36,0.358056266,0.007929324,0.000857143,0.030769231,0,0.058823529,0.222222222,0.222222222,11100
0.375,0.434782609,0.006894839,6.43E-05,0.035897436,0,0.029411765,0,0,10800
0.375,0.447570332,0.005687941,0.0015,0.053846154,0,0.176470588,0,0,10500
0.365,0.396419437,0.000132759,0.0095,0.051282051,0,0,0,0,9500
0.365,0.434782609,0.010860364,0,0.161538462,0,0,0.111111111,0.111111111,8500
0.375,0.460358056,0.000696553,0.001214286,0.043589744,0,0.029411765,0,0,8300
0.38,0.447570332,0.001305175,0,0.019435897,0,0.058823529,0,0,5900
0.405,0.447570332,0.001553451,0,0.023128205,0,0,0,0,5700
0.37,0.434782609,0.000925864,0,0.013794872,0,0,0,0,5100
0.365,0.588235294,0.0162052,0.000857143,0.069230769,0,0.029411765,0,0,17600
0.365,0.537084399,0.021722451,0.000395714,0.014205128,0,0.176470588,0.111111111,0.111111111,17100
0.365,0.601023018,0.009308637,0.015714286,0.014179487,0,0.029411765,0,0,16800
0.365,0.524296675,0.018274169,0.001071429,0.038461538,0,0,0,0,15800
0.365,0.537084399,0.005170699,0.000374286,0.013435897,0.111111111,0.117647059,0,0,15500
0.425,0.47314578,0.017412099,0.000546429,0.019615385,0,0.176470588,0,0,15300
0.41,0.613810742,0.004308628,0.000785714,0.028205128,0,0.088235294,0,0,15300
0.41,0.511508951,0.014825888,0.003357143,0.013102564,0,0,0,0,14500
0.365,0.588235294,0.014998302,0.000276429,0.009923077,0,0.029411765,0,0,14100
0.365,0.562659847,0.015515544,0.000480714,0.01725641,0,0,0,0,13800
0.365,0.664961637,0.00861898,0.0015,0.053846154,0,0.029411765,0.111111111,0.111111111,13400
0.365,0.562659847,0.006722425,0.001,0.021974359,0,0,0,0,13000
0.42,0.537084399,0.010343121,0.000469286,0.016846154,0.111111111,0.058823529,0,0,12200
0.41,0.601023018,0.009308637,0.000155714,0.023512821,0,0.029411765,0,0,11800
0.365,0.639386189,0.00861898,5.29E-05,0.033333333,0,0.058823529,0.666666667,0.666666667,11600
0.365,0.613810742,0.008274152,0.000520714,0.018692308,0.222222222,0.088235294,0,0,11300
0.42,0.485933504,0.016894857,0,0.251282051,0,0,0.111111111,0.111111111,11000
0.365,0.524296675,0.007412082,0.001071429,0.038461538,0,0.058823529,0,0,10800
0.425,0.608695652,0.005515527,0.000928571,0.033333333,0,0,0.222222222,0.222222222,10300
0.41,0.524296675,0.005170699,8.93E-05,0.030769231,0,0,0,0,10000
0.365,0.639386189,0.004308628,3.43E-05,0.001230769,1,0.088235294,0,0,9300
0.41,0.549872123,0.013618989,0.000208571,0.056410256,0,0,0,0,17800
0.41,0.537084399,0.020515553,0.002642857,0.094871795,0,0,0,0,16600
0.365,0.549872123,0.011722434,0.003214286,0.115384615,0,0,0,0,16500
0.41,0.524296675,0.017584513,5.79E-05,0.002076923,0,0.176470588,0.111111111,0.111111111,16200
0.4,0.537084399,0.018274169,0.002857143,0.051282051,0,0,0,0,16000
0.41,0.537084399,0.011894848,0.001785714,0.064102564,0,0,0,0,15900
0.4,0.537084399,0.012584504,0.000928571,0.033333333,0,0,0,0,15600
0.405,0.57544757,0.017584513,0.000482143,0.017307692,0,0.058823529,0,0,15300
0.41,0.511508951,0.017756927,0.000505,0.000871795,0,0.029411765,0,0,15300
0.41,0.511508951,0.015515544,0.000785714,0.028205128,0.444444444,0.176470588,0,0,14100
0.41,0.601023018,0.014481059,4.86E-05,0.028205128,1,0.147058824,0.444444444,0.444444444,14100
0.405,0.511508951,0.014136231,2.43E-05,0.000871795,0,0.029411765,0,0,13600
0.405,0.460358056,0.012067262,0.001714286,0.061538462,0,0.029411765,0,0,13400
0.41,0.588235294,0.005687941,0.000107143,0.022102564,0,0,0,0,13400
0.405,0.549872123,0.00482587,4.07E-05,0.084615385,0,0,0,0,13100
0.41,0.485933504,0.004481042,0.000664286,0.023846154,0,0.058823529,0,0,12900
0.405,0.537084399,0.01155002,0.000857143,0.030769231,0.111111111,0.058823529,0.111111111,0.111111111,12700
0.405,0.549872123,0.003791386,0.001357143,0.048717949,0,0.029411765,0,0,12300
0.405,0.511508951,0.009825879,0.001571429,0.056410256,0.111111111,0.117647059,0,0,12200
0.41,0.524296675,0.006722425,0.0025,0.01074359,0,0.088235294,0,0,10700
0.4,0.562659847,0.006205183,0.000167857,0.048717949,0,0,0,0,10700
0.365,0.498721228,0.006550011,0.001,0.014435897,0,0,0,0,10300
0.405,0.549872123,0.014825888,0,0.220512821,0,0,0,0,10300
0.405,0.511508951,0.00482587,0.003928571,0.043589744,0,0,0.111111111,0.111111111,10200
0.41,0.537084399,0.005170699,0.000698571,0.025076923,0,0,0,0,10000
0.4,0.537084399,0.004481042,0.001357143,0.021410256,0,0,0.111111111,0.111111111,9700
0.405,0.485933504,0.003791386,0.000445714,0.016,0,0.058823529,0.111111111,0.111111111,9300
0.4,0.537084399,0.003618972,0.000693571,0.024897436,0,0.029411765,0.111111111,0.111111111,9300
0.4,0.485933504,0.003618972,0.000277143,0.019974359,0,0,0,0,9100
0.41,0.562659847,0.002929315,3.64E-05,0.015282051,0,0.029411765,0,0,8900
0.405,0.485933504,0.001894831,0.000350714,0.012589744,0,0.029411765,0,0,8800
0.41,0.537084399,0.002067245,0.000175714,0.006307692,0.111111111,1,0,0,8500
0.41,0.537084399,0.001894831,4.57E-05,0.008564103,0,0.029411765,0,0,8400
0.405,0.537084399,0.004136214,0.001,0.035897436,0.444444444,0.176470588,0,0,8100
0.405,0.537084399,0,5.43E-05,0.030769231,0,0,0,0,7800
0.4,0.524296675,0.003274144,0,0.048717949,0,0.029411765,0,0,5600
0.395,0.434782609,0.023963834,0.000338571,0.012153846,0,0.029411765,0,0,17800
0.38,0.47314578,0.024481077,0.000475,0.017051282,1,0.147058824,0,0,17600
0.39,0.460358056,0.013274161,0.023571429,0.046153846,0,0,0,0,16900
0.395,0.537084399,0.011722434,0.000102857,0.033333333,0,0.029411765,0,0,16900
0.375,0.434782609,0.013446575,0.000166429,0.069230769,0,0.058823529,0,0,16500
0.39,0.47314578,0.017584513,9.86E-05,0.003538462,0,0.029411765,0,0,16200
0.37,0.447570332,0.019825896,1.79E-05,2.56E-05,0,0.029411765,0,0,16200
0.39,0.447570332,0.010515535,0.002357143,0.123076923,0,0.029411765,0,0,16100
0.39,0.460358056,0.013618989,7.14E-07,0.030769231,0,0.029411765,0,0,15200
0.395,0.434782609,0.017412099,0.00021,0.009512821,0,0,0,0,15200
0.38,0.47314578,0.010515535,0.000601429,0.058974359,0,0.147058824,0,0,14900
0.38,0.511508951,0.014653474,0.0045,0.071794872,0,0.029411765,0,0,14500
0.38,0.447570332,0.006377597,0.000785714,0.020923077,0,0.029411765,0.111111111,0.111111111,14400
0.39,0.447570332,0.008446566,0.000171429,0.087179487,0,0.088235294,0,0,14300
0.375,0.447570332,0.012067262,7.14E-07,0.024641026,0,0,0,0,13700
0.395,0.524296675,0.008446566,0.001785714,0.043589744,0,0.088235294,0,0,13400
0.39,0.460358056,0.012584504,0.001071429,0.038461538,0,0.029411765,0,0,13400
0.38,0.460358056,0.004136214,0.001285714,0.046153846,0,0,0,0,13400
0.38,0.511508951,0.007239668,7.86E-06,0.041025641,0,0.176470588,0,0,13200
0.39,0.47314578,0.010687949,0.001571429,0.056410256,0,0.029411765,0,0,12700
0.375,0.447570332,0.01155002,7.14E-07,2.56E-05,0,0.058823529,0,0,12500
0.39,0.465473146,0.009481051,0.000399286,0.014333333,0,0.029411765,0,0,12300
0.38,0.460358056,0.00861898,0.002,0.013512821,0,0.058823529,0,0,11600
0.4,0.47314578,0.007929324,0.000553571,0.019871795,0,0,0,0,11100
0.38,0.485933504,0.008101738,0.000287143,0.010307692,0,0,0,0,11000
0.38,0.434782609,0.007584496,0.000567857,0.020384615,0,0.029411765,0,0,11000
0.38,0.421994885,0.002239659,0.015,0.002769231,0,0.088235294,0,0,10800
0.38,0.447570332,0.006032769,7.14E-07,0.016435897,0,0,0,0,10300
0.38,0.434782609,0.003618972,0.000785714,0.028205128,0,0.029411765,0,0,10000
0.37,0.421994885,0.004998284,0.00032,0.011487179,0,0.147058824,0,0,9800
0.395,0.498721228,0.00482587,0.000360714,0.012948718,0,0,0.111111111,0.111111111,9700
0.38,0.47314578,0.029481085,0,0.438461538,0,0.029411765,0,0,9700
0.39,0.460358056,0.003274144,0.001142857,0.041025641,0,0,0.111111111,0.111111111,9400
0.375,0.485933504,0.005860355,0,0.087179487,0,0.088235294,0,0,6000
0.375,0.434782609,0.002067245,0,0.030769231,0,0,0,0,5600
0.38,0.460358056,0.003791386,0,0.056410256,0,0,0,0,5500
0.395,0.549872123,0.021205209,0.001428571,0.051282051,0,0.029411765,0,0,17200
0.395,0.511508951,0.012239676,0.0002,0.069230769,0,0.088235294,0,0,17200
0.395,0.447570332,0.014481059,0.02,0.038461538,0,0.029411765,0,0,16900
0.39,0.524296675,0.010343121,0.000478571,0.074358974,0,0,0,0,15900
0.405,0.498721228,0.009308637,0.000106429,0.038461538,0,0.029411765,0,0,15700
0.395,0.485933504,0.010515535,0.001642857,0.051282051,1,0.147058824,0,0,15600
0.39,0.47314578,0.009481051,0.000490714,0.017615385,0,0,0.111111111,0.111111111,15400
0.395,0.460358056,0.017412099,0.000322857,0.011589744,0,0,0,0,15300
0.39,0.460358056,0.010860364,0.001214286,0.043589744,0,0,0,0,15100
0.41,0.447570332,0.017239685,0.000203571,0.038461538,0,0.058823529,0,0,15100
0.4,0.47314578,0.024308663,0.002285714,0.082051282,0,0,0,0,14400
0.405,0.537084399,0.009308637,0.000714286,0.025641026,0,0,0,0,14400
0.4,0.409207161,0.016377614,0.000341429,0.021,0,0.088235294,0,0,14400
0.405,0.47314578,0.01534313,0.000477143,0.017128205,0.111111111,0.058823529,0,0,14200
0.38,0.514066496,0.013963817,0.000712143,0.025564103,0,0.029411765,0,0,13800
0.4,0.485933504,0.008963809,0.000785714,0.038461538,0,0.029411765,0,0,13400
0.41,0.498721228,0.012756919,0.000710714,0.035897436,0,0.058823529,0,0,13400
0.39,0.460358056,0.011894848,0.002214286,0.041025641,0,0,0,0,13100
0.39,0.460358056,0.005687941,0.001142857,0.041025641,0,0,0,0,13100
0.395,0.47314578,0.010515535,0.004928571,0.030769231,0.111111111,1,0,0,12900
0.405,0.485933504,0.011722434,0.000714286,0.025641026,0,0.176470588,0,0,12800
0.4,0.460358056,0.011722434,1.57E-05,0.011538462,0,0,0,0,12700
0.4,0.537084399,0.003791386,0.001214286,0.022538462,0,0.029411765,0,0,12600
0.38,0.47314578,0.005170699,0.000714286,0.025641026,0,0,0,0,12200
0.395,0.447570332,0.004653456,0.000662143,0.023769231,0,0.029411765,0,0,12000
0.38,0.460358056,0.009481051,0.000692143,0.024846154,0,0,0,0,11900
0.395,0.498721228,0.008963809,0.000571429,0.020512821,0,0.058823529,0,0,11600
0.39,0.460358056,0.009136223,0.000276429,0.009923077,0,0,0,0,11600
0.4,0.434782609,0.00861898,0.000785714,0.028205128,0,0,0.222222222,0.222222222,11500
0.395,0.511508951,0.007929324,0.001571429,0.056410256,0.111111111,1,0,0,11500
0.395,0.447570332,0.009136223,0.000177857,0.006384615,0,0,0,0,11500
0.405,0.485933504,0.007929324,6.93E-05,0.076923077,0,0.029411765,0,0,11100
0.4,0.485933504,0.006894839,0.001285714,0.046153846,0,0,0,0,10900
0.395,0.498721228,0.007239668,0.000785714,0.028205128,0,0.058823529,0,0,10900
0.4,0.485933504,0.006894839,0.000928571,0.033333333,0,0,0,0,10700
0.395,0.460358056,0.005687941,0.000425,0.01525641,0,0.176470588,0.111111111,0.111111111,10100
0.41,0.498721228,0.00775691,0.000330714,0.011871795,0,0,0,0,9900
0.39,0.460358056,0.013618989,0,0.202564103,0,0.029411765,0,0,9600
0.395,0.434782609,0.004308628,0.000253571,0.021179487,0,0,0,0,9600
0.405,0.511508951,0.003618972,0.000785714,0.028205128,0,0,0,0,9400
0.4,0.613810742,0.003791386,0.000519286,0.018641026,0,0,0,0,9300
0.38,0.485933504,0.003618972,0.000135,0.020692308,0,0.029411765,0,0,9300
0.395,0.485933504,0,0.000857143,0.146153846,0.444444444,0.176470588,0,0,8900
0.395,0.460358056,0.001634486,0.000179286,0.006435897,0,0,0,0,8300
0.4,0.47314578,0.000272414,0.001142857,0.041025641,0,0.147058824,0,0,7900
0.4,0.447570332,0,0.000714286,0.008974359,0,0,0,0,7900
0.4,0.447570332,0.00044138,0.000635,0.022794872,0,0,0,0,7800
0.395,0.511508951,0.001396554,0,0.020794872,0,0.029411765,0,0,5500
0.395,0.485933504,0.006205183,0,0.092307692,0,0.029411765,0,0,5300
0.39,0.537084399,0.028619015,0,0.425641026,0.444444444,0.176470588,0,0,17500
0.38,0.485933504,0.012756919,0.000241429,0.038461538,0,0.029411765,0,0,17400
0.37,0.409207161,0.021722451,0.000785714,0.028205128,0,0.117647059,0,0,17200
0.37,0.498721228,0.012929333,9.50E-05,0.105128205,0,0,0,0,16800
0.38,0.460358056,0.021377623,0.000233571,0.008384615,0,0.058823529,0,0,16800
0.375,0.421994885,0.019825896,0.003214286,0.053846154,0,0.029411765,0,0,16600
0.37,0.421994885,0.007239668,0.001214286,0.043589744,0,0,0,0,16600
0.395,0.447570332,0.017412099,0.000109286,0.033333333,0,0,0,0,15400
0.37,0.447570332,0.014825888,0.001357143,0.048717949,0,0,0,0,15200
0.38,0.434782609,0.010687949,0.000376429,0.013512821,0.111111111,0.088235294,0,0,14900
0.365,0.434782609,0.015170716,0.004714286,0.024717949,0,0,0,0,14800
0.37,0.447570332,0.014825888,2.14E-06,0.014153846,0,0.176470588,0,0,14100
0.375,0.460358056,0.013446575,0.001357143,0.024974359,0,0.147058824,0,0,13600
0.365,0.434782609,0.00775691,0.009785714,0.022871795,0,0,0,0,12400
0.375,0.434782609,0.009653465,0.000621429,0.022307692,0,0.058823529,0.666666667,0.666666667,11900
0.37,0.421994885,0.008963809,7.14E-07,0.020487179,0,0,0,0,11600
0.375,0.460358056,0.008274152,4.29E-05,0.030769231,0,0.029411765,0,0,11300
0.375,0.460358056,0.00775691,0.000857143,0.030769231,0,0.235294118,0,0,11200
0.39,0.460358056,0.006722425,0.001571429,0.056410256,0,0,0,0,11000
0.375,0.434782609,0.006377597,4.00E-05,0.023410256,0,0,0,0,10500
0.38,0.460358056,0.005860355,0.000625714,0.022461538,0,0.058823529,0.222222222,0.222222222,10300
0.375,0.409207161,0.005515527,0.000511429,0.018358974,1,0.088235294,0,0,10100
0.375,0.460358056,0.003446558,0.000448571,0.016102564,0,0,0,0,9100
0.375,0.47314578,0,4.79E-05,0.018897436,0,0,0,0,7700
