Height_in_Inches,Weight_in_Kg,Followers Instagram,Followers Tiktok,Followers Twitter,School Max Group,School Count Group,Hometown Max Group,Hometown Count Group
74,221,14300,475,9300,2,35,1,1
73,178,9300,0,0,1,4,1,1
76,233,1100,0,0,1,1,1,1
78,250,4200,94,2600,1,3,7,7
73,205,1500,0,0,1,4,1,1
68,185,9000,12700,2100,1,3,1,1
72,180,2500,331,1800,1,1,1,1
74,226,5100,0,0,1,1,1,1
76,235,2700,0,0,1,2,1,1
74,200,7300,1100,641,2,2,2,2
75,217,5100,23,3200,1,1,1,1
76,210,2800,2000,1200,1,1,1,1
72,180,10000,40,1400,3,3,3,3
77,312,5200,0,0,1,1,1,1
71,187,5600,0,0,1,2,1,1
78,203,1200,0,0,1,8,1,1
76,230,2900,0,0,1,3,2,2
70,175,15200,1700,1800,1,1,1,1
73,195,78,155,1000,1,1,1,1
72,174,4000,0,0,1,1,1,1
76,235,5000,253,2100,1,1,1,1
74,240,3100,5100,2600,1,1,1,1
77,275,906,0,0,1,3,1,1
74,189,9200,300,2300,1,1,1,1
75,200,5000,1800,2600,1,1,1,1
72,178,4700,0,0,1,3,1,1
70,170,5300,0,0,1,3,1,1
70,170,2600,102,944,1,2,1,1
73,187,3400,1,1900,1,3,1,1
74,205,2900,353,1900,1,2,1,1
76,231,3500,0,0,1,1,1,1
77,275,3300,275,4500,1,1,1,1
69,186,2600,0,0,1,3,1,1
70,155,8400,976,2300,1,1,1,1
73,175,1800,789,1300,1,1,1,1
74,226,12300,25000,5000,1,1,1,1
75,300,2300,0,0,1,1,1,1
73,205,2600,0,0,2,5,2,2
71,170,3000,0,0,1,1,2,2
77,327,5200,0,0,2,35,1,1
76,220,5300,280,1200,1,2,1,1
75,295,2100,0,0,2,3,2,2
75,290,1400,0,0,1,3,1,1
76,180,1,6,3000,1,2,1,1
77,226,1400,87,1800,1,2,1,1
75,173,14700,1100,5000,1,1,1,1
77,322,4000,0,0,1,9,1,1
71,182,1400,0,0,1,7,1,1
78,318,1900,102,3300,1,2,1,1
77,238,1,1,3200,1,1,1,1
76,215,2900,0,0,1,1,1,1
76,273,3100,2300,2500,1,2,1,1
80,270,1900,0,0,1,1,1,1
71,186,4500,0,0,1,3,1,1
69,155,2300,0,0,1,2,1,1
76,310,1000,0,0,1,1,1,1
69,190,4400,0,0,1,6,1,1
74,228,7600,0,0,1,2,1,1
75,275,4400,0,0,1,3,2,2
71,175,5500,177,2300,1,1,1,1
77,239,957,0,0,1,1,1,1
73,230,3,0,0,1,3,1,1
75,235,3800,0,0,1,5,2,2
77,285,7300,5300,2500,1,1,1,1
74,216,2100,0,0,1,2,1,1
74,205,4100,0,0,1,4,1,1
72,170,1700,3300,2200,1,1,1,1
71,170,5000,0,0,1,3,1,1
74,230,1800,246,1100,1,1,1,1
73,185,11500,0,0,1,1,1,1
71,170,8500,10300,1200,1,1,2,2
75,301,3600,1400,3000,1,4,1,1
72,180,7300,0,0,1,1,1,1
71,189,2600,0,0,1,1,1,1
75,234,3000,0,0,1,1,1,1
75,306,873,25000,1100,1,2,1,1
74,180,8400,5700,5600,1,1,1,1
75,173,4900,1300,7400,1,1,2,2
76,273,2000,90,1,1,1,1,1
78,275,350,0,0,1,1,2,2
75,236,2600,282,2400,1,1,2,2
72,196,5000,0,0,1,1,1,1
73,191,3900,1400,1300,1,1,1,1
77,265,1900,0,0,1,2,1,1
72,185,4500,0,0,1,2,1,1
76,262,1000,75,922,1,1,1,1
75,179,2900,0,0,1,1,1,1
77,315,828,0,0,1,1,2,2
77,230,1,0,0,1,2,1,1
78,325,1,0,0,1,1,1,1
74,165,7700,0,0,1,1,1,1
70,170,12100,59000,2000,1,5,1,1
73,166,7900,33000,2000,3,3,3,3
74,187,8200,99000,5900,1,2,1,1
76,212,1900,172,905,1,2,1,1
73,173,15500,0,0,1,1,1,1
78,255,1300,0,0,1,1,1,1
74,315,16900,88,11100,2,35,1,1
78,240,2400,40,1900,1,1,1,1
74,205,9500,0,0,1,1,1,1
76,290,1,0,0,1,1,1,1
79,320,1700,630,1500,1,1,1,1
78,215,1700,0,0,1,1,1,1
78,270,1700,0,0,1,7,1,1
72,172,3100,0,0,1,2,1,1
76,225,3300,276,2300,1,1,1,1
78,235,5200,161,3900,1,1,1,1
76,296,2000,0,0,1,1,1,1
75,231,2700,0,0,1,2,1,1
78,315,2000,0,0,1,1,1,1
75,208,2000,214,2100,1,3,1,1
77,265,5700,0,0,1,1,1,1
79,295,7700,1,1800,1,3,1,1
73,173,22000,63000,12100,2,2,2,2
75,210,4800,0,0,1,1,2,2
75,195,1800,0,0,1,1,1,1
78,190,8100,0,0,1,1,1,1
77,205,4900,0,0,1,1,1,1
77,200,2100,0,0,1,1,1,1
77,215,1300,73,791,1,1,1,1
73,334,3700,0,0,1,4,1,1
70,180,6800,0,0,1,1,1,1
72,180,1700,1,2300,1,1,1,1
75,290,1600,93,1000,1,1,1,1
70,175,4000,0,0,1,3,1,1
72,189,34000,5900,8300,2,1,2,2
69,220,29000,0,0,1,2,1,1
73,188,2500,0,0,1,2,1,1
76,196,2600,259,2100,1,1,1,1
73,165,2100,139,1200,1,2,1,1
72,185,2600,0,0,1,1,1,1
73,225,1500,160,1200,1,1,1,1
75,174,6500,6300,4400,1,2,1,1
72,170,4800,25,864,2,5,2,2
70,165,9000,393,8100,1,1,1,1
78,235,2200,0,0,1,1,1,1
79,220,1800,0,0,1,1,1,1
72,175,7000,0,0,1,4,1,1
78,230,2700,0,0,1,1,2,2
79,294,1800,99,1900,1,1,1,1
72,180,9200,1,8000,1,2,1,1
72,185,2000,0,0,1,1,1,1
71,190,12900,7100,8800,1,1,1,1
74,175,2100,1,1800,1,4,1,1
71,196,6200,0,0,1,2,1,1
73,187,1600,0,0,1,1,1,1
71,175,5100,570,870,1,2,1,1
78,278,2100,0,0,1,1,1,1
77,338,3600,0,0,1,1,1,1
78,235,2300,74,1500,1,1,1,1
79,220,3300,0,0,1,2,1,1
75,210,27000,26000,13600,2,2,7,7
77,220,2400,0,0,1,2,1,1
75,239,5300,0,0,1,8,1,1
73,214,12800,0,0,1,1,1,1
73,180,48000,0,0,3,6,3,3
77,296,2000,23000,1800,1,2,1,1
75,226,3300,577,1000,1,1,1,1
74,239,11300,0,0,2,2,2,2
72,165,22000,37000,9800,2,1,2,2
75,182,2500,0,0,2,2,2,2
71,185,10200,0,0,1,1,1,1
77,210,2700,0,0,1,3,1,1
69,185,841,0,0,2,9,2,2
79,270,1500,0,0,1,3,1,1
72,180,4600,0,0,1,2,1,1
72,175,2700,0,0,1,3,5,5
71,170,9700,168,405,1,1,1,1
70,180,1900,1100,1700,1,2,1,1
73,205,2800,89,1800,1,1,1,1
74,180,3200,0,0,1,2,2,2
74,230,5200,0,0,2,35,1,1
77,290,4400,0,0,1,9,1,1
74,211,2100,0,0,1,1,1,1
74,178,13700,19,10300,2,35,1,1
76,250,1900,0,0,1,1,1,1
74,180,5500,99000,1000,1,1,1,1
76,265,3300,584,3200,1,1,1,1
73,221,1400,0,0,1,2,1,1
73,185,1600,0,0,1,1,1,1
77,260,887,0,0,1,1,1,1
78,290,3000,0,0,1,2,1,1
78,309,1600,561,4300,1,2,1,1
73,205,9400,0,0,1,1,1,1
75,275,2100,0,0,1,1,1,1
71,163,2700,0,0,1,2,1,1
72,220,1100,230,3100,1,3,1,1
76,220,2400,0,0,2,8,1,1
70,172,13100,0,0,1,1,1,1
77,215,3400,1600,2600,1,1,1,1
72,181,4300,0,0,1,1,1,1
77,290,3500,0,0,1,2,1,1
78,235,7400,173,2600,1,2,1,1
70,175,4700,0,0,1,2,1,1
72,173,10900,16600,4600,1,1,1,1
75,195,14100,0,0,1,2,2,2
75,307,4600,1500,7300,1,1,1,1
72,208,10200,34,8400,1,2,1,1
77,207,2000,118,775,1,1,1,1
75,295,8200,1100,6600,1,8,1,1
74,181,1900,0,0,1,9,1,1
0,0,1500,157,2100,1,2,2,2
72,180,8,0,0,1,1,1,1
71,178,723,0,0,1,3,1,1
75,194,11800,0,0,1,1,1,1
70,175,2100,674,1100,1,1,1,1
70,188,5100,311,4400,1,1,1,1
78,290,422,0,0,1,3,1,1
72,195,909,0,0,1,4,1,1
77,315,2100,0,0,1,1,1,1
70,175,21000,7900,4800,1,1,2,2
74,180,3600,0,0,1,1,1,1
77,285,3200,106,3300,1,3,1,1
77,230,5100,320,1900,1,1,1,1
80,347,5400,49000,3800,1,1,1,1
78,225,2600,0,0,3,6,3,3
73,191,4300,0,0,2,6,2,2
74,210,14200,23,9900,2,1,2,2
79,285,2100,0,0,1,1,1,1
75,282,805,0,0,1,1,1,1
76,296,3500,0,0,3,6,3,3
73,189,10600,0,0,2,9,2,2
77,300,2300,257,974,1,1,1,1
77,222,2200,0,0,1,2,1,1
77,257,3300,834,1200,1,2,1,1
74,214,2700,1600,1000,1,4,1,1
73,165,16800,0,0,2,5,2,2
71,185,69000,4200,6700,3,1,3,3
74,186,1400,0,0,1,2,1,1
74,305,4200,19200,2800,1,2,1,1
78,200,5400,0,0,2,9,2,2
74,270,1600,39000,1600,1,2,1,1
74,239,226,0,0,1,1,1,1
74,200,16500,395000,1500,3,2,3,3
75,175,3700,0,0,1,6,1,1
76,220,878,0,0,1,1,1,1
75,194,1500,1100,1700,1,1,1,1
72,190,5300,0,0,1,1,1,1
74,192,170,0,0,1,2,1,1
74,305,2000,1200,1100,1,1,1,1
73,175,9700,304,2700,1,1,1,1
70,204,18500,7500,7300,1,1,1,1
75,215,1,0,0,1,2,1,1
76,230,1400,0,0,1,2,1,1
77,255,6600,3000,4900,1,4,1,1
76,285,5800,0,0,1,3,1,1
74,187,3700,0,0,1,1,1,1
75,220,2200,0,0,1,1,1,1
76,255,9900,709,2700,1,1,1,1
77,293,1300,0,0,1,2,1,1
75,210,10500,165,2700,1,3,1,1
74,215,2800,0,0,1,1,1,1
72,180,4000,10700,1500,1,6,1,1
74,195,17900,4600,8300,2,1,2,2
72,195,2400,0,0,1,1,1,1
78,255,784,177,314,1,1,3,3
77,225,2500,174,2400,1,1,1,1
75,205,15700,304,7000,2,2,1,1
77,228,23000,8800,6900,3,2,3,3
77,287,4000,46,2100,2,5,2,2
76,330,5600,0,0,1,1,1,1
79,266,8800,987,3600,1,2,1,1
76,270,7000,0,0,1,2,1,1
74,235,3400,0,0,1,3,1,1
75,265,11800,101,5200,2,35,1,1
77,290,988,0,0,1,1,1,1
73,185,5700,2100,3400,1,2,1,1
78,210,2500,6,3500,1,2,1,1
72,180,26000,50000,4500,1,3,3,3
72,176,7000,3600,2400,8,3,8,8
73,190,10500,0,0,2,35,1,1
77,326,2200,121,3600,2,35,1,1
76,260,5900,0,0,1,1,1,1
75,188,2600,0,0,1,2,1,1
74,215,5000,14,1100,1,4,2,2
72,178,45000,0,0,2,1,2,2
73,222,3900,409,2300,1,2,1,1
76,295,3000,11,1300,1,1,1,1
72,178,1900,1,1400,1,2,1,1
77,315,1200,138,1800,1,1,1,1
72,180,12400,1100,8000,1,1,2,2
72,198,12600,0,0,1,7,1,1
75,224,434,0,0,1,2,1,1
78,357,2900,358,3000,1,1,2,2
74,208,1300,0,0,1,2,1,1
75,225,2200,0,0,1,2,1,1
75,274,936,48,473,1,1,1,1
75,208,10400,0,0,1,1,1,1
76,270,5400,262,4100,1,3,1,1
76,250,7300,0,0,1,9,1,1
75,295,2600,44,1200,2,2,7,7
75,230,2200,0,0,1,2,1,1
71,173,5000,21,1100,1,4,1,1
77,265,1800,22000,2000,1,4,1,1
73,175,8200,0,0,2,35,1,1
78,222,2500,0,0,1,2,1,1
75,207,1,652,3700,1,2,1,1
74,220,10700,0,0,1,1,1,1
77,220,2100,0,0,1,4,2,2
74,196,9300,0,0,1,2,1,1
72,192,4300,45,1400,1,7,1,1
76,225,1800,1,1000,1,2,2,2
73,189,6900,1500,5900,1,1,1,1
75,325,13800,0,0,1,1,1,1
74,201,3600,0,0,1,1,1,1
77,280,2200,1300,814,1,1,1,1
70,175,7600,252,3800,1,1,1,1
74,205,7700,1,2700,1,1,2,2
70,190,8200,731,6500,1,3,1,1
74,201,1300,0,0,1,1,1,1
71,189,11500,26000,2400,1,1,1,1
74,210,1700,488,630,1,1,1,1
76,300,1100,0,0,1,1,1,1
76,225,3400,1500,7300,2,2,2,2
73,211,1400,1,1800,1,1,1,1
77,194,1,0,0,1,1,1,1
74,215,11000,933,8500,1,1,1,1
77,300,2900,3500,2400,1,4,1,1
73,204,2100,0,0,1,2,3,3
76,275,5300,513,2600,1,1,1,1
76,226,1400,0,0,1,1,1,1
78,230,3100,0,0,1,1,1,1
74,204,3400,0,0,1,1,1,1
72,164,1500,0,0,1,1,1,1
74,190,3000,4300,1500,1,1,1,1
69,165,6800,8500,4700,1,1,1,1
75,200,3600,0,0,1,2,1,1
73,220,3200,127,3300,1,1,1,1
75,210,4900,0,0,2,3,2,2
70,180,2600,0,0,1,2,1,1
77,274,472,0,0,1,1,1,1
73,206,2600,0,0,1,1,1,1
72,161,20000,110,4100,1,6,1,1
75,350,7100,0,0,1,12,1,1
0,0,16600,0,0,1,3,1,1
72,225,7300,0,0,1,1,1,1
74,207,2600,0,0,1,3,1,1
74,159,2900,0,0,1,2,1,1
75,225,2100,50,3200,1,2,1,1
78,228,4100,4300,2500,1,1,1,1
77,230,8100,8800,1400,2,9,2,2
77,230,4800,1100,2000,2,9,2,2
73,165,3400,0,0,1,1,1,1
74,225,2000,0,0,1,3,1,1
73,170,4200,2700,1400,1,4,2,2
78,306,4700,0,0,1,4,1,1
77,364,1400,20,1200,1,4,1,1
71,187,7600,171,2600,1,2,1,1
71,175,7100,1,2500,2,35,1,1
79,370,144,0,0,1,1,1,1
75,240,120,0,0,1,4,1,1
73,220,13100,16300,5300,1,1,1,1
76,331,5400,0,0,1,1,1,1
73,195,18100,7400,4100,1,1,1,1
72,185,10300,0,0,1,1,1,1
73,170,2500,0,0,1,1,1,1
76,225,12100,1,1,1,4,1,1
75,234,2500,545,2000,2,9,2,2
75,171,2600,84,1700,1,5,1,1
73,250,22000,0,0,1,3,1,1
72,240,4400,1,850,1,1,1,1
75,275,3400,622,1100,1,1,1,1
75,205,2200,196,2500,1,2,1,1
74,220,1400,0,0,1,1,1,1
77,287,2900,0,0,1,4,1,1
79,230,3100,0,0,3,6,3,3
71,162,6800,2700,3700,1,1,1,1
80,301,1100,65,1300,1,2,1,1
77,290,1300,0,0,1,2,1,1
74,231,2200,0,0,1,8,1,1
72,194,3900,0,0,2,9,2,2
74,295,2100,1100,1900,1,2,1,1
79,275,4000,32000,2100,1,2,1,1
80,315,140,0,0,1,2,1,1
77,327,827,0,0,2,35,1,1
74,227,4600,0,0,1,4,2,2
72,201,2600,0,0,2,8,1,1
76,230,5800,0,0,1,1,1,1
75,280,6300,0,0,1,1,2,2
74,174,3100,211,2200,1,1,1,1
74,200,4700,0,0,1,2,1,1
75,245,53000,0,0,1,2,1,1
71,164,7900,0,0,1,3,1,1
77,274,3900,0,0,1,3,1,1
71,185,11100,13000,3800,1,1,1,1
72,199,3100,441,3200,1,5,1,1
70,190,2800,471,2300,1,1,2,2
76,270,766,197,779,1,3,2,2
74,262,5200,0,0,1,3,1,1
77,240,4300,0,0,1,5,1,1
77,220,1000,0,0,1,1,1,1
75,208,3100,40,3400,1,1,1,1
77,265,1800,160,1600,1,2,1,1
78,255,1500,120,1000,1,2,1,1
74,185,5200,2,3100,1,1,1,1
79,285,414,0,0,1,1,1,1
78,290,1600,0,0,1,1,1,1
77,290,11400,173,4900,1,1,1,1
73,215,21000,0,0,2,1,2,2
74,210,18300,1300,12100,2,1,2,2
76,302,2400,0,0,1,1,1,1
74,200,3400,1200,2600,1,2,1,1
69,177,3900,0,0,2,4,1,1
76,229,1800,288,1100,1,2,2,2
76,244,1300,0,0,1,3,1,1
77,265,1500,0,0,1,1,1,1
75,207,1800,0,0,1,2,1,1
76,296,5300,84,5900,1,1,1,1
75,210,10800,233,6100,1,1,1,1
76,230,3700,0,0,1,2,1,1
74,265,1700,178,1400,1,1,1,1
77,325,1900,52,2600,1,2,1,1
75,250,10600,1100,3300,1,4,1,1
78,391,1300,0,0,1,1,1,1
76,218,12,0,0,1,1,1,1
77,260,3500,0,0,1,1,1,1
72,187,2200,0,0,1,1,1,1
72,196,3200,0,0,1,1,2,2
70,171,24000,70000,5000,2,6,2,2
76,208,1,7,1300,1,2,1,1
72,180,4300,1,1700,1,1,1,1
77,275,1100,0,0,1,1,1,1
74,260,2800,0,0,1,9,1,1
79,278,3100,0,0,1,1,1,1
70,172,11100,1,6900,1,1,1,1
73,170,2300,0,0,1,1,1,1
78,295,919,0,0,1,1,1,1
77,255,2100,0,0,1,1,1,1
77,310,5500,0,0,1,3,1,1
72,177,25000,130000,4200,2,1,2,2
76,230,2800,1,2500,1,7,1,1
76,256,2100,126,1600,2,35,1,1
76,260,4200,0,0,1,3,1,1
73,187,4000,0,0,1,2,1,1
76,245,1300,0,0,1,1,1,1
72,225,2400,0,0,1,1,1,1
71,170,3300,0,0,1,1,1,1
70,174,4100,251,729,1,1,1,1
80,342,9900,0,0,1,1,1,1
74,197,1200,0,0,1,1,1,1
74,207,2500,0,0,1,1,1,1
77,220,694,0,0,1,1,1,1
78,285,1,0,0,1,1,1,1
75,170,2800,0,0,1,2,1,1
73,195,15900,2200,5200,1,2,1,1
71,177,4200,68000,2500,1,6,1,1
76,211,13200,0,0,1,2,1,1
71,180,2700,0,0,1,1,1,1
73,180,17600,0,0,1,3,1,1
74,219,9200,6300,2600,3,6,3,3
76,211,1600,251,1400,1,1,1,1
72,180,8000,4400,3000,1,1,1,1
73,165,2800,0,0,1,1,1,1
71,175,4000,135,2500,10,2,10,10
77,235,1000,188,1500,1,2,1,1
77,173,10900,1200,6600,1,1,1,1
74,263,1300,0,0,1,1,2,2
72,185,12900,459,6000,1,1,3,3
73,180,5200,97000,1600,1,2,2,2
74,190,9400,0,0,1,5,1,1
76,388,2600,0,0,1,2,1,1
74,175,16000,0,0,1,1,1,1
74,180,8500,0,0,2,8,1,1
74,168,3800,4800,2500,1,1,1,1
70,176,1100,0,0,1,12,1,1
74,229,4600,0,0,1,9,1,1
77,225,4500,18800,3400,1,1,1,1
79,230,740,0,0,1,1,1,1
75,185,2100,2600,1200,1,2,1,1
73,190,35000,156000,5400,2,6,2,2
73,200,2100,0,0,1,1,1,1
77,283,6200,0,0,2,9,2,2
70,167,3300,0,0,1,1,1,1
76,239,811,0,0,1,2,1,1
76,216,14200,0,0,2,35,1,1
73,160,6100,0,0,1,4,2,2
73,173,15700,0,0,1,1,1,1
77,274,2100,0,0,1,6,1,1
73,197,51000,0,0,1,12,1,1
72,185,4,0,0,1,1,1,1
72,180,6500,0,0,2,8,1,1
72,175,3500,0,0,1,1,2,2
74,230,11100,0,0,1,1,1,1
77,220,2100,91,220,1,8,1,1
76,278,2000,0,0,1,1,1,1
70,195,4400,1500,3300,1,2,1,1
72,178,2600,1,4400,1,1,1,1
76,255,1700,1400,1000,1,2,1,1
74,218,3900,0,0,1,2,1,1
72,210,7700,797,5400,1,2,1,1
70,177,15500,10500,7400,1,1,2,2
77,220,3500,0,0,1,3,3,3
75,305,3800,0,0,1,4,1,1
74,205,1300,0,0,1,3,2,2
73,193,3500,0,0,1,8,1,1
76,270,2100,252,1700,1,2,1,1
77,212,2900,0,0,1,1,1,1
70,160,7800,1900,2300,1,1,1,1
74,220,26000,0,0,2,1,2,2
74,220,3100,101,3200,1,3,1,1
72,180,2900,73,2600,1,1,1,1
77,243,3400,973,10200,1,2,1,1
75,180,23000,0,0,2,4,5,5
78,255,3600,6200,2000,1,6,1,1
72,170,24000,0,0,1,5,1,1
70,160,8700,0,0,8,3,2,2
74,260,1300,0,0,1,4,1,1
76,200,1100,0,0,1,1,1,1
73,185,5900,6800,4200,1,2,1,1
76,210,1200,0,0,1,1,1,1
74,190,3400,2000,1900,2,3,1,1
76,240,7300,1,1100,1,1,1,1
70,170,4200,8100,3000,1,3,1,1
73,175,3900,1,2300,1,5,1,1
73,205,3100,0,0,1,5,1,1
76,215,4200,987,2800,1,1,1,1
77,189,13000,1900,15300,1,3,1,1
71,190,3600,653,1900,1,1,1,1
75,210,3800,0,0,1,2,1,1
71,220,8600,4,2100,1,1,1,1
77,240,3900,14,8600,2,8,1,1
70,170,3900,0,0,1,1,1,1
69,205,1,1400,8800,1,3,2,2
76,285,826,36,1400,1,2,1,1
71,163,8700,0,0,1,1,1,1
71,170,1900,0,0,1,1,1,1
73,206,6100,8100,4100,1,1,1,1
68,195,4400,0,0,1,1,1,1
75,189,3300,8,1400,1,1,1,1
67,205,13900,0,0,2,5,2,2
70,176,10800,1300,3900,1,4,1,1
74,200,5500,0,0,1,2,1,1
70,190,13,0,0,1,2,1,1
74,175,7800,0,0,1,1,1,1
73,235,26000,366,4200,2,6,2,2
74,175,1400,0,0,1,4,1,1
75,209,566,0,0,1,1,1,1
75,185,8800,0,0,1,4,1,1
77,285,673,52,882,1,2,1,1
77,255,5100,2000,4000,1,2,1,1
75,220,10800,727,4700,2,35,1,1
74,220,4300,0,0,1,2,1,1
75,255,2900,0,0,1,1,1,1
76,250,3000,503,2100,1,1,1,1
75,247,4300,1,2300,1,1,1,1
74,170,21000,3200,1400,1,1,1,1
77,265,1800,0,0,1,1,1,1
76,250,8500,0,0,1,1,1,1
77,310,3200,793,3400,1,1,1,1
71,191,26000,46000,5200,2,1,2,2
75,285,1400,453,995,1,1,1,1
200,77,1400,0,0,1,1,1,1
77,205,2400,67,1400,1,1,1,1
77,295,506,0,0,1,3,1,1
74,320,2200,0,0,1,3,1,1
75,280,1100,52,1400,1,1,1,1
78,300,2200,0,0,1,2,1,1
72,171,24000,114000,6000,2,2,2,2
69,205,13200,125000,926,2,8,2,2
77,285,1400,0,0,1,1,1,1
72,160,3700,0,0,1,1,1,1
72,182,15900,0,0,1,1,1,1
69,160,5400,0,0,1,1,1,1
74,190,2100,0,0,1,3,1,1
72,225,19000,41000,6200,1,7,1,1
76,300,2400,0,0,1,2,1,1
76,300,4300,1500,2000,1,2,1,1
73,190,12500,390,4500,1,2,1,1
70,205,8400,0,0,1,1,1,1
76,245,2200,0,0,1,2,1,1
78,267,2200,0,0,1,2,1,1
73,170,4600,0,0,1,2,1,1
78,220,1100,0,0,1,2,1,1
74,187,1900,100,520,1,5,1,1
77,283,5500,0,0,1,1,1,1
73,205,2300,74,1900,1,3,1,1
76,235,2600,0,0,1,2,2,2
76,285,2400,526,2100,1,3,7,7
76,235,2700,0,0,1,3,1,1
72,170,5500,0,0,2,5,2,2
75,217,4400,511,2900,1,4,1,1
75,209,3400,331,3000,1,7,1,1
76,225,3000,54,1500,1,1,1,1
76,310,4300,2300,2400,1,2,1,1
73,170,1600,0,0,1,1,1,1
72,165,1400,0,0,1,1,1,1
74,225,3600,188,2400,1,1,1,1
72,189,10800,0,0,1,3,1,1
71,199,5100,0,0,1,1,2,2
76,185,1600,0,0,2,1,2,2
72,175,5500,0,0,1,12,1,1
77,290,28000,29000,8400,1,6,2,2
72,190,48000,0,0,2,1,2,2
74,207,8700,7,2900,1,1,1,1
74,255,15700,19300,10600,1,4,1,1
70,193,8000,19500,4300,1,1,1,1
72,269,3400,0,0,1,4,1,1
74,270,1,1100,1400,1,2,1,1
72,207,4000,0,0,1,1,1,1
77,310,2000,0,0,1,1,1,1
72,200,24000,0,0,1,1,1,1
73,182,3700,12100,2300,1,1,1,1
76,201,10900,1100,2500,1,4,1,1
72,183,8400,38000,2700,2,9,2,2
76,290,2000,119,2000,1,1,1,1
70,167,5800,11100,8100,1,3,1,1
75,180,2700,1200,1300,1,1,1,1
73,185,2000,194,1900,2,5,2,2
76,288,2100,304,2300,1,5,1,1
72,185,4600,0,0,1,7,1,1
68,180,2000,0,0,1,3,1,1
75,180,4000,0,0,1,2,1,1
74,217,1400,0,0,1,1,1,1
77,218,9800,64000,13700,1,2,1,1
74,210,26000,16200,4600,2,6,2,2
70,205,2900,0,0,1,1,1,1
70,161,13900,5600,6900,1,1,1,1
78,318,7500,1600,7600,2,3,1,1
75,205,1,0,0,1,1,1,1
75,232,1400,187,2200,1,1,1,1
70,178,5300,0,0,1,2,1,1
70,196,16600,0,0,1,2,1,1
76,250,3800,0,0,1,1,1,1
73,208,1,229,1600,2,2,1,1
74,200,1400,0,0,1,2,1,1
75,195,5200,0,0,1,4,1,1
75,215,1600,0,0,1,1,1,1
76,325,8300,4,11300,1,1,1,1
75,185,830,0,0,1,1,1,1
72,199,3000,115,1500,10,6,10,10
73,203,29000,18600,11700,2,35,2,2
69,205,5500,0,0,1,1,1,1
79,230,660,0,0,1,1,1,1
75,201,12300,0,0,1,12,1,1
75,325,3100,0,0,1,2,1,1
71,174.5,11600,0,0,1,8,1,1
71,222,10900,265,3300,2,35,1,1
76,223,6300,31,3900,1,2,1,1
71,190,2300,0,0,1,1,1,1
71,190,3600,0,0,1,2,1,1
77,278,11300,1100,4500,1,1,1,1
78,243,3000,0,0,1,1,1,1
77,300,1700,0,0,1,4,1,1
77,315,3900,0,0,1,2,1,1
74,243,10400,69,5000,1,2,1,1
77,250,3400,0,0,1,3,1,1
71,185,4900,0,0,1,1,2,2
76,200,2100,0,0,1,4,1,1
77,350,2400,0,0,1,1,1,1
76,207,2900,281,1300,1,1,1,1
74,218,2600,126,1600,1,5,1,1
73,180,26,0,0,1,1,1,1
77,238,5300,0,0,1,4,1,1
73,193,2700,1,1200,1,1,1,1
77,240,5300,726,3200,1,2,1,1
74,200,16700,1700,7000,2,35,1,1
73,204,11700,0,0,1,4,1,1
69,168,28000,0,0,1,2,2,2
71,165,4000,0,0,1,5,1,1
76,205,2300,1,3700,1,1,5,5
76,222,3900,24,1800,1,4,1,1
77,235,852,87,760,1,1,1,1
74,212,281,0,0,1,1,1,1
73,170,2500,156,1700,1,2,1,1
71,165,12100,18100,6900,1,1,1,1
74,267,8400,0,0,1,3,1,1
78,380,8400,6,10500,1,1,1,1
73,191,8000,75000,1300,1,6,1,1
75,327,5500,2400,4000,2,35,1,1
70,175,1,0,0,1,1,1,1
74,245,8000,0,0,1,1,1,1
71,173,3600,0,0,2,9,2,2
71,175,3600,0,0,1,2,1,1
71,188,8100,63,5400,1,2,1,1
74,205,170,0,0,1,1,1,1
72,178,395,0,0,1,1,1,1
74,185,8000,0,0,1,1,1,1
71,170,15200,73,5600,2,3,2,2
77,185,11500,0,0,1,1,1,1
74,196,5500,0,0,1,2,1,1
71,187,1800,0,0,1,3,1,1
73,196,3000,447,1100,1,3,2,2
75,220,1100,0,0,1,4,2,2
72,180,3600,660,2000,1,1,1,1
76,280,3500,53,2100,1,1,1,1
76,220,2400,0,0,1,1,1,1
76,230,1400,0,0,1,1,1,1
71,180,5500,0,0,1,1,1,1
71,185,4000,285,3100,1,1,1,1
71,174,7500,0,0,1,2,1,1
72,179,16800,1,4200,1,5,1,1
75,216,4600,0,0,1,2,1,1
75,269,19400,330,5500,1,7,1,1
73,217,2600,0,0,2,9,2,2
72,196,4700,0,0,1,2,1,1
78,276,1100,0,0,1,1,1,1
77,270,1100,0,0,1,2,1,1
78,367,542,0,0,1,1,1,1
70,180,3200,180,1500,1,1,1,1
72,175,2400,4000,1300,1,3,1,1
71,165,267,0,0,1,1,1,1
77,307,1700,0,0,1,1,1,1
80,295.5,865,0,0,1,4,1,1
77,308,1300,221,1700,1,1,1,1
80,267.5,1800,98,1800,1,1,1,1
76,290,833,0,0,1,1,1,1
74,211,6300,391,7300,1,1,1,1
77,260,25000,4500,7100,1,1,1,1
72,198,36000,6400,10200,2,4,2,2
77,232,23000,0,0,2,4,2,2
76,250,3000,0,0,1,1,2,2
74,165,2800,135,2000,1,2,1,1
76,306,1800,541,4700,1,1,1,1
72,180,8400,0,0,8,2,8,8
73,189,8800,1100,1500,1,1,1,1
77,180,3000,0,0,1,1,1,1
75,185,27000,25000,9100,8,2,8,8
73,220,4300,57,2600,1,7,1,1
76,205,1,64,2400,1,1,1,1
73,200,9600,182,2400,1,3,1,1
72,195,4500,0,0,1,3,1,1
79,340,2400,848,1400,1,1,1,1
77,329,5400,215,5300,1,1,1,1
74,234,18500,0,0,1,1,1,1
75,175,2200,0,0,1,3,1,1
71,169,7100,0,0,1,3,2,2
74,193,5100,5,1700,2,6,2,2
75,171,2400,0,0,1,1,1,1
74,180,6200,1600,2800,1,2,1,1
74,218,2900,0,0,1,2,1,1
73,170,1700,0,0,1,2,1,1
76,200,1800,0,0,1,2,1,1
74,170,2200,18,2200,1,2,1,1
73,185,7800,1,2400,1,1,1,1
72,172,5200,0,0,1,1,1,1
74,232,17900,1400,3300,1,2,1,1
73,225,4700,0,0,1,6,1,1
76,300,1200,0,0,1,1,1,1
76,280,699,0,0,1,1,1,1
78,215,4400,0,0,1,1,1,1
76,280,1900,86,1500,1,1,1,1
72,172,11200,8,5200,1,7,1,1
69,210,4200,12200,931,1,1,1,1
75,215,1400,48,1300,1,2,1,1
72,160,3200,4900,1500,1,2,1,1
74,181,2000,0,0,1,1,2,2
76,252,15100,4700,8700,1,6,1,1
75,292,2300,0,0,1,4,1,1
77,254,945,0,0,1,1,1,1
75,220,1300,0,0,1,4,1,1
76,230,6300,0,0,1,6,1,1
77,263,26000,7900,2000,1,12,1,1
77,255,5200,0,0,1,1,1,1
77,220,1100,0,0,1,1,1,1
77,220,1100,0,0,1,2,1,1
73,190,10300,7000,2700,1,3,2,2
78,285,1300,0,0,1,1,1,1
68,160,162,0,0,1,3,1,1
76,305,3600,0,0,1,7,1,1
71,190,2200,2600,931,1,1,1,1
75,346,2000,0,0,1,1,1,1
74,190,9700,0,0,1,3,1,1
71,175,3700,487,2700,1,2,1,1
76,230,707,0,0,1,1,1,1
73,215,1900,0,0,1,2,1,1
77,260,621,181,497,1,1,1,1
76,290,4000,0,0,1,1,1,1
77,242,2700,159,1500,1,1,1,1
72,170,3400,1000,2600,1,3,1,1
72,185,10800,0,0,1,1,1,1
74,180,14300,1,2100,1,1,1,1
75,285,1400,0,0,1,1,1,1
75,200,2600,177,2300,1,1,1,1
77,241,6600,4900,4300,1,2,1,1
71,179,5400,0,0,1,3,1,1
69,203,2800,0,0,1,1,1,1
72,170,7400,0,0,1,3,1,1
71,180,3300,0,0,1,9,1,1
77,234,1400,0,0,1,1,1,1
72,190,6100,49000,4800,1,2,1,1
78,343,2800,225,5300,2,4,1,1
76,205,10000,22000,1100,1,1,1,1
73,191,10800,17300,5500,1,1,1,1
79,285,1900,1,2200,1,1,1,1
77,230,948,0,0,1,2,1,1
72,179,10400,0,0,1,1,1,1
0,0,1900,0,0,1,2,1,1
77,261,17700,344,7000,1,1,1,1
72,205,4200,3200,2900,1,2,1,1
74,185,7300,2100,5100,1,2,1,1
72,178,3600,0,0,1,4,2,2
69,188,2800,0,0,1,1,1,1
74,183,1900,0,0,1,1,1,1
74,288,1900,0,0,1,12,1,1
76,282,730,9,984,1,1,1,1
69,170,16100,1400,6900,1,4,2,2
76,225,4200,0,0,1,2,1,1
76,285,2600,0,0,1,2,1,1
74,258,5,1800,1200,1,1,1,1
74,216,24000,1600,12800,2,2,2,2
70,173,1700,0,0,1,1,1,1
74,174,16900,0,0,2,1,2,2
76,262,1000,0,0,1,2,1,1
0,0,265,0,0,1,1,1,1
71,217,17500,0,0,1,1,1,1
75,266,1,223,2200,1,2,1,1
77,195,42000,22000,14100,8,3,8,8
71,175,4800,0,0,1,1,1,1
73,226,5200,0,0,1,5,1,1
69,184,7500,0,0,1,4,1,1
74,180,5300,0,0,1,1,1,1
77,180,5500,83000,3100,1,1,1,1
78,280,736,1,1100,1,1,1,1
74,201,6600,0,0,1,1,1,1
72,184,10200,0,0,1,2,2,2
77,235,16100,3,4900,1,2,1,1
76,233,5600,0,0,1,3,1,1
70,170,11200,0,0,1,2,1,1
73,185,17100,0,0,1,2,1,1
78,311,5500,340,4100,1,2,1,1
74,191,1300,57,975,1,1,1,1
73,170,4400,56,2300,1,2,1,1
72,219,4800,0,0,1,1,1,1
76,240,14500,5300,4200,1,7,1,1
72,170,2900,2100,1800,1,2,1,1
72,174,960,0,0,1,4,1,1
72,213,11900,0,0,1,1,1,1
75,185,4400,1600,1900,1,1,1,1
76,225,15300,9200,5900,1,1,1,1
73,172,4000,92,1600,1,1,1,1
77,284,2400,0,0,1,1,1,1
79,315,13000,0,0,1,2,1,1
78,216,7500,1100,3300,1,1,1,1
76,295,1000,0,0,1,1,1,1
74,276,15600,0,0,2,6,2,2
72,180,2900,0,0,1,2,1,1
76,210,9600,159,1500,1,1,1,1
73,180,2600,0,0,1,1,2,2
72,196,13500,10100,5500,1,12,1,1
72,200,2300,0,0,1,7,1,1
76,266,97000,0,0,2,2,2,2
75,231,4000,449,3600,1,3,1,1
75,215,4000,0,0,1,4,1,1
77,279,1600,0,0,1,1,1,1
77,202,4200,130,723,1,4,1,1
74,220,4500,0,0,1,4,1,1
77,320,25000,0,0,1,3,1,1
75,230,7500,0,0,1,4,1,1
67,180,886,0,0,1,1,2,2
71,173,10100,0,0,1,2,1,1
74,175,5200,0,0,1,1,1,1
69,175,4400,663,629,2,9,2,2
78,250,1200,0,0,1,1,1,1
71,205,17300,35000,3500,1,3,1,1
72,264,5600,0,0,1,1,1,1
73,258,3300,0,0,1,2,1,1
74,217,2400,0,0,1,1,1,1
74,175,4700,8800,1700,1,12,1,1
75,196,1200,784,1000,1,2,1,1
75,242,3900,2700,1200,1,1,1,1
72,195,4300,0,0,1,4,1,1
71,180,2800,0,0,1,1,1,1
66,174,34000,0,0,2,9,2,2
75,185,4200,17900,2100,1,3,1,1
72,208,4600,128,2700,1,1,1,1
73,172,7000,144,2300,1,3,1,1
73,210,1500,0,0,1,1,1,1
70,155,3200,10700,1,1,2,1,1
76,250,4200,13,2600,1,1,1,1
74,180,3100,0,0,2,3,2,2
70,188,6800,0,0,1,8,1,1
73,219,8800,0,0,1,1,1,1
72,205,12900,48000,4700,2,8,1,1
75,215,2800,2500,3600,1,7,1,1
68,156,8600,212,2000,1,12,1,1
69,170,2800,1,1600,1,2,1,1
77,208,1100,0,0,1,1,1,1
71,199,18400,0,0,1,1,1,1
73,190,6800,3600,2900,1,2,1,1
75,234,2600,0,0,1,1,2,2
77,255,3100,215,1800,1,4,1,1
78,230,2000,298,2100,1,4,1,1
75,200,2300,0,0,1,1,1,1
73,192,13500,0,0,1,2,1,1
73,210,2300,0,0,1,1,1,1
73,194,2800,174,3300,1,1,1,1
67,152,2600,0,0,2,35,1,1
70,165,85000,15900,4000,3,1,3,3
70,167,11100,2200,1800,2,4,2,2
70,198,689,0,0,1,3,1,1
75,200,4500,0,0,1,2,1,1
74,250,3500,0,0,2,5,2,2
72,200,11500,8700,9900,1,1,1,1
79,331,2000,0,0,1,1,1,1
78,280,1300,75,2800,1,1,1,1
78,215,2200,510,954,1,1,1,1
77,225,1500,0,0,1,2,1,1
70,167,12900,0,0,1,3,1,1
72,180,8500,0,0,1,4,1,1
73,265,1200,0,0,1,1,1,1
72,172,2100,0,0,2,6,2,2
75,340,3000,0,0,1,1,1,1
75,200,8400,0,0,1,2,1,1
72,176,312,0,0,2,5,2,2
76,295,1100,0,0,1,1,1,1
77,228,1600,0,0,1,3,1,1
0,0,1600,0,0,1,1,1,1
74,215,6200,0,0,1,3,1,1
77,293,2100,1300,5200,1,1,1,1
73,195,5000,56,1600,1,2,1,1
73,205,3600,0,0,2,8,1,1
74,199,5100,0,0,1,7,1,1
76,245,8000,0,0,2,35,2,2
71,152,19100,26000,5000,1,6,2,2
70,175,8200,0,0,1,1,1,1
76,220,1100,250,1700,1,1,1,1
75,215,3200,0,0,1,1,1,1
70,177,4900,5900,2600,1,3,2,2
74,251,2,15700,4300,1,4,1,1
69,178,5800,0,0,1,3,1,1
75,325,2600,0,0,1,4,1,1
73,181,5500,77,2000,1,1,1,1
77,215,1900,643,1600,1,1,1,1
75,200,2200,157,1400,1,1,1,1
78,290,1200,0,0,1,2,1,1
72,175,7900,2700,1400,1,3,1,1
73,193,4500,0,0,2,35,1,1
75,211,11800,0,0,1,1,1,1
75,185,5400,0,0,1,1,1,1
71,190,13900,887,4100,1,1,1,1
70,175,2100,0,0,1,1,1,1
74,210,7900,205,5400,1,1,1,1
77,270,15700,2400,10200,2,1,2,2
72,188,14800,79000,4700,1,1,1,1
76,309,4700,1,2900,1,1,1,1
71,158,1200,0,0,1,2,1,1
75,300,1900,0,0,1,1,1,1
75,260,1100,0,0,1,1,1,1
74,196,3700,0,0,1,12,1,1
75,324,3000,1,5700,1,5,1,1
76,216,22000,0,0,2,3,2,2
76,250,1400,0,0,1,1,1,1
79,290,681,0,0,2,6,2,2
72,203,2100,69,1000,1,1,1,1
71,175,11800,81000,6000,2,2,1,1
74,213,9100,184,3500,1,5,1,1
75,218,6200,6,4800,1,1,1,1
78,275,1700,0,0,1,1,1,1
78,300,2000,458,1700,1,2,1,1
75,210,5300,5100,2500,1,1,1,1
70,180,5000,0,0,1,4,1,1
76,345,3900,1200,2200,1,5,1,1
71,192,2000,0,0,1,1,1,1
77,258,15800,0,0,1,3,1,1
73,218,17300,29000,4600,1,3,1,1
73,170,2500,0,0,1,2,1,1
73,190,2800,0,0,1,2,1,1
76,332,5900,1100,3800,3,6,1,1
69,218,6200,686,897,1,4,1,1
74,205,3700,0,0,1,1,1,1
75,217,5400,670,2200,1,2,1,1
76,228,1900,24,430,1,1,1,1
0,0,1200,0,0,2,9,2,2
77,334,2800,162,1200,1,1,1,1
75,235,1300,3,818,1,1,1,1
75,194,3200,672,3500,1,1,1,1
73,189,11200,2000,4800,1,1,1,1
71,175,24000,0,0,2,2,2,2
71,190,8600,0,0,1,1,1,1
71,220,8100,0,0,1,2,1,1
75,215,90,6800,2900,1,1,1,1
71,188,7600,163,2800,1,1,1,1
75,345,66,0,0,1,2,1,1
74,175,4400,0,0,1,1,1,1
71,170,65,0,0,1,1,1,1
75,189,23000,18,6700,2,2,2,2
70,165,4700,612,1000,1,12,1,1
75,215,3400,0,0,1,1,1,1
69,170,4900,40000,4100,1,3,1,1
71,190,35000,1100,3800,2,1,2,2
72,190,26000,45000,2200,1,2,1,1
77,267,848,0,0,1,1,2,2
74,195,10600,68,2000,1,3,1,1
75,190,19900,807,4000,1,4,1,1
75,222,2700,0,0,1,1,1,1
75,228,3400,2700,3600,1,1,1,1
73,199,2600,0,0,1,1,1,1
78,243,2900,0,0,1,4,1,1
70,194,5100,0,0,1,1,1,1
78,290,1500,0,0,1,1,2,2
75,205,13700,434,830,1,2,2,2
71,170,723,0,0,1,1,2,2
73,230,3600,715,794,1,4,1,1
76,257,2700,258,3200,1,4,1,1
77,203,2600,0,0,1,2,1,1
71,190,6000,29,1600,1,3,2,2
76,225,3200,29,3200,1,2,1,1
74,180,12500,345,7600,2,6,2,2
74,200,3100,0,0,1,1,1,1
69,183,14300,1300,2400,2,4,2,2
73,193,1600,0,0,1,1,1,1
73,208,3900,0,0,1,4,2,2
77,355,13400,192,6600,1,1,1,1
71,160,2100,0,0,1,1,1,1
72,192,8100,5700,4400,1,2,1,1
73,220,3600,252,1100,1,1,1,1
71,173,3300,0,0,1,3,1,1
75,224,2400,6400,2700,1,2,1,1
77,283,1000,0,0,1,1,1,1
72,190,9800,17700,1400,1,1,1,1
74,181,6300,0,0,2,6,1,1
72,195,5500,2300,3900,1,2,1,1
71,147,10500,12500,3200,1,1,1,1
75,253,2800,0,0,1,1,1,1
73,195,3100,0,0,2,35,1,1
75,280,945,106,1400,1,2,1,1
71,218,7300,0,0,1,1,1,1
74,205,1,210,1900,1,1,1,1
77,275,1700,0,0,1,3,2,2
68,219,26000,0,0,1,1,1,1
77,290,1600,0,0,1,1,1,1
77,245,1500,7,1300,1,1,1,1
67,177,4600,0,0,1,1,1,1
74,200,4700,618,2500,1,1,1,1
71,188,9600,0,0,1,2,1,1
79,230,522,0,0,1,1,1,1
73,166,3500,1100,2200,1,2,1,1
75,190,1700,0,0,1,1,1,1
77,295,883,56,1100,1,1,1,1
73,206,9500,0,0,1,2,1,1
74,227,2700,938,2700,1,2,1,1
77,300,3700,1,2400,1,2,1,1
74,203,1800,0,0,2,2,2,2
77,225,3900,0,0,1,2,1,1
73,200,10500,0,0,2,2,2,2
75,280,4700,282,2300,1,3,1,1
77,325,15500,3400,5800,2,35,1,1
77,288,489,0,0,1,3,1,1
72,175,8200,0,0,1,1,1,1
75,238,3500,0,0,1,2,1,1
72,175,7200,0,0,1,1,1,1
79,240,590,0,0,1,2,1,1
75,280,16200,0,0,1,1,1,1
77,270,791,98,1400,1,3,1,1
76,220,1500,0,0,1,1,1,1
72,160,16300,33000,2700,1,1,1,1
78,267,3300,5900,5000,1,1,2,2
76,330,1900,146,1400,1,2,1,1
76,245,484,0,0,1,2,1,1
77,265,4400,681,3800,1,1,1,1
75,200,3100,0,0,1,2,1,1
71,185,1500,0,0,1,2,1,1
69,175,5500,156,2400,2,6,2,2
73,170,2200,0,0,1,4,1,1
76,335,1100,207,1700,1,3,1,1
75,205,4700,321,1600,1,2,1,1
76,225,5400,12800,3700,1,2,1,1
75,215,2300,0,0,1,1,1,1
74,275,2900,0,0,1,3,1,1
76,241,11,0,0,1,1,1,1
79,245,545,0,0,1,1,1,1
76,315,22000,69,11800,3,3,3,3
73,201,5600,10100,3400,2,5,2,2
71,184,1,0,0,1,2,1,1
79,295,1700,102,2300,1,1,1,1
76,230,2200,844,1300,1,1,2,2
75,190,18700,0,0,2,1,2,2
75,220,1,0,0,1,1,1,1
76,276,6700,23,2800,2,35,2,2
72,175,10600,306,1400,1,2,3,3
77,315,1900,0,0,1,4,1,1
71,175,2900,0,0,1,1,1,1
78,350,432,25,318,1,1,1,1
74,199,31000,48000,15500,2,3,2,2
0,0,928,0,0,1,3,1,1
77,290,2200,278,2900,2,3,1,1
73,170,2600,0,0,2,9,2,2
78,239,434,0,0,1,2,1,1
69,200,2500,304,1600,1,3,1,1
77,290,12400,5900,7800,1,1,1,1
70,176,33000,34000,4500,2,9,2,2
78,285,944,0,0,1,2,1,1
77,295,403,0,0,1,3,1,1
73,255,4400,192,2200,1,1,1,1
76,195,2000,0,0,1,1,1,1
74,208,2800,0,0,1,2,1,1
77,260,4100,0,0,1,1,1,1
79,345,2500,589,1700,1,1,1,1
71,184,6100,0,0,1,2,1,1
75,198,11700,3400,3400,2,9,2,2
74,185,9100,0,0,1,6,1,1
75,180,580000,24000,37000,10,4,10,10
74,175,402000,1400000,5800,10,2,10,10
78,190,543000,795,795,10,6,10,10
74,160,377000,7500,7500,7,1,7,7
75,200,260000,19200,19200,5,7,5,5
74,170,215000,1700,1700,4,1,4,4
81,215,210000,1600,1600,4,1,4,4
73,160,154000,49000,2400,3,4,3,3
76,185,114000,28000,5400,2,35,2,2
73,175,96000,126000,4100,2,1,2,2
74,190,108000,18800,6000,2,2,2,2
79,200,84000,29000,5200,2,3,2,2
75,165,94000,1,1,2,3,2,2
78,195,85000,1400,1400,2,1,2,2
76,180,75000,10700,1000,2,2,2,2
80,190,58000,2100,12100,2,5,2,2
80,190,52000,47000,1100,2,1,2,2
80,195,49000,6600,6600,1,7,1,1
75,175,50000,1,1400,1,1,1,1
80,180,48000,4800,4800,1,1,1,1
70,167,35000,39000,2400,1,3,1,1
81,220,44000,106,948,2,35,1,1
72,155,43000,2000,1300,1,3,1,1
80,185,33000,8900,12800,1,7,1,1
72,150,39000,825,825,2,9,2,2
72,165,35000,744,744,1,4,1,1
80,255,37000,1100,1100,1,2,1,1
75,185,29000,4000,4000,2,35,1,1
75,170,27000,2700,11100,1,1,1,1
85,265,31000,5100,3000,1,2,1,1
79,190,39000,0,39000,1,2,1,1
79,190,33000,52,1600,1,4,5,5
73,170,28000,2100,2100,1,1,1,1
80,220,24000,2,4600,2,35,1,1
81,200,24000,125,1700,1,1,1,1
73,180,26000,3100,3100,1,7,1,1
75,170,24000,4400,2800,1,3,2,2
78,225,25000,164,2700,1,4,1,1
78,160,32000,652,652,2,2,1,1
85,220,30000,4200,4200,1,2,1,1
81,195,34000,0,34000,1,2,1,1
72,175,27000,1100,1100,1,5,1,1
80,200,23000,1100,2100,1,7,1,1
76,185,24000,2000,2300,1,1,1,1
61,155,27000,1,1,2,5,1,1
80,200,18900,197,2400,5,7,1,1
89,275,31000,0,31000,2,35,1,1
80,180,26000,39,963,3,4,1,1
75,175,18300,6000,6000,1,2,1,1
75,185,24000,424,424,1,1,1,1
76,180,20000,91,860,1,7,5,5
74,190,24000,1100,1100,1,1,1,1
76,190,18500,106,2200,1,7,1,1
74,175,17700,659,4800,1,1,1,1
77,180,22000,105,3100,1,1,1,1
78,180,30000,0,30000,1,1,1,1
82,300,452,144000,2900,2,35,1,1
81,250,17100,2300,2300,10,4,1,1
78,220,28000,0,28000,1,1,1,1
75,185,17100,3300,4500,1,1,1,1
76,180,13800,1500,1500,1,2,1,1
78,180,15000,1200,7500,1,1,1,1
76,195,12400,1900,1900,1,1,1,1
79,215,13500,909,894,1,4,1,1
77,175,25000,0,25000,3,4,1,1
79,215,18400,10000,1000,2,35,1,1
79,180,19500,1,725,10,6,1,1
73,165,14800,4300,4300,1,3,1,1
78,200,18900,39,1700,1,1,1,1
76,195,18900,2500,1600,1,4,1,1
76,170,14100,5100,5000,1,1,1,1
80,215,18100,172,2700,2,5,1,1
75,190,11300,8700,8700,1,1,1,1
76,185,13700,515,3800,1,2,1,1
80,195,15300,18600,2100,1,7,1,1
74,195,9100,79,2500,1,7,1,1
72,165,13100,7400,1400,5,7,1,1
80,240,16300,2700,2700,2,35,1,1
80,205,16300,5100,4300,1,7,1,1
83,230,15200,4900,4900,1,1,1,1
74,155,16600,513,513,1,1,1,1
75,180,16300,5,1200,1,7,1,1
61,150,16500,532,532,1,1,1,1
80,205,9900,43000,604,1,1,1,1
77,185,16000,1200,678,1,2,1,1
76,180,10100,2200,2200,1,1,1,1
78,180,8100,22000,5700,1,1,1,1
74,155,15400,490,490,1,3,1,1
77,180,8500,1800,1800,1,2,1,1
84,200,14900,1100,1100,1,1,1,1
68,191,14500,2600,810,1,1,1,1
80,210,15200,1900,1900,1,1,1,1
82,210,10600,525,525,1,4,1,1
84,210,9900,2900,2900,1,2,1,1
75,160,9400,192,4100,1,1,2,2
75,180,12000,10,887,1,2,1,1
70,165,8200,1300,1300,1,3,1,1
76,165,11100,2200,2200,1,2,1,1
75,165,6200,1500,1500,1,3,1,1
77,190,11400,2000,2000,2,3,1,1
76,175,4500,1500,1600,1,3,1,1
74,190,5900,1,2400,1,1,1,1
74,150,9500,374,374,1,1,1,1
72,165,9300,670,670,1,1,1,1
72,165,8600,302,302,1,1,1,1
75,175,8300,1100,1100,1,9,1,1
72,180,8100,576,576,1,1,1,1
76,175,7700,2500,2500,1,1,1,1
74,195,7400,1000,974,1,3,3,3
74,170,2900,5600,1400,1,1,1,1
75,125,12000,0,12000,1,3,2,2
73,180,6700,329,329,1,1,1,1
73,190,2500,1000,1000,1,2,1,1
75,170,5100,2000,2000,1,1,1,1
72,170,4400,889,889,1,1,1,1
72,160,175,0,175,1,7,1,1
74,160,4800,1100,1100,1,1,1,1
73,170,4400,1500,1500,1,1,1,1
72,140,4600,1200,1200,1,3,3,3
75,170,4000,90,1400,1,2,1,1
75,175,3300,2100,2100,1,7,1,1
73,155,78,13300,2000,1,1,1,1
73,170,6300,0,6300,1,1,2,2
75,180,405,1700,1700,1,2,1,1
76,175,758,0,758,1,3,1,1
81,175,902,0,902,1,1,1,1
74,170,538,0,538,1,1,1,1
73,230,9400,1200,2700,1,2,1,1
73,210,12600,554,554,1,7,2,2
73,235,5400,22000,553,1,2,1,1
73,205,10600,1500,1500,1,1,1,1
73,210,3000,524,524,2,5,1,1
85,185,10100,765,765,1,7,1,1
82,240,2500,1100,1100,1,4,1,1
82,200,8600,4700,511,1,1,1,1
73,230,8700,387,387,1,2,1,1
73,220,9000,673,673,1,1,1,1
73,260,5000,2100,2100,1,2,2,2
73,220,3900,1400,857,1,1,1,1
84,210,6000,657,657,2,3,1,1
82,235,5400,218,917,1,2,1,1
73,250,5000,74,1300,1,3,7,7
73,240,4800,729,729,3,4,1,1
84,190,9800,0,9800,1,1,2,2
73,205,4300,1500,1500,1,3,1,1
85,238,3200,1300,1300,1,1,3,3
82,205,3000,125,1200,1,1,1,1
73,250,2500,48,48,10,4,1,1
82,215,7900,292,2200,1,1,1,1
82,210,11900,3700,3700,1,1,1,1
73,215,6800,4500,4500,1,1,1,1
82,205,10200,81,81,1,7,2,2
80,210,10600,4000,2000,1,1,1,1
82,210,6900,2500,2500,1,1,1,1
80,210,7300,1300,1300,1,1,1,1
81,225,10200,675,675,1,3,1,1
82,200,10300,707,34,1,2,1,1
82,200,9000,1100,1100,5,7,1,1
82,235,8400,68,1100,10,6,5,5
81,200,8200,34,34,1,2,1,1
81,180,7000,2400,2400,1,2,1,1
82,230,3300,150,862,1,1,1,1
81,215,2800,57,3300,1,1,1,1
82,190,2600,930,930,1,3,1,1
81,210,6700,1200,1200,2,3,2,2
81,215,2200,1900,1900,1,2,1,1
81,200,5700,2200,2200,2,5,1,1
82,205,3900,3500,419,1,4,1,1
80,220,3600,235,1900,1,1,1,1
73,195,3800,1400,563,1,1,1,1
81,215,8600,0,8600,1,1,1,1
81,200,2800,5500,1700,1,1,2,2
82,210,3000,978,978,1,1,1,1
80,210,2600,1900,835,1,1,2,2
81,190,2200,624,624,1,3,2,2
80,210,2100,971,971,1,2,2,2
80,190,2100,388,779,1,1,1,1
82,220,1700,51,596,1,2,1,1
81,190,1100,491,491,1,2,1,1
82,210,1200,246,246,2,35,1,1
82,210,1100,64,334,1,2,1,1
81,210,2400,1400,1400,5,7,1,1
81,210,1,76,1200,1,1,1,1
80,205,1900,0,1900,1,2,1,1
79,170,13900,474,474,1,2,1,1
76,185,14200,665,665,10,6,1,1
78,180,7700,33000,1800,1,1,1,1
79,210,6800,144,1300,1,2,1,1
75,170,7800,233,2700,1,3,1,1
78,185,10200,138,138,1,2,1,1
74,175,11500,25,1,1,2,1,1
78,175,6100,3300,4800,1,2,1,1
78,180,7900,1,1200,1,2,1,1
79,170,10100,294,371,1,1,1,1
76,185,6100,842,2300,1,6,1,1
76,200,8500,6300,2800,1,2,1,1
76,175,3700,1100,816,1,2,2,2
78,175,4900,240,3400,1,4,1,1
75,175,7000,1,961,1,1,1,1
79,205,4900,2500,1700,1,4,1,1
78,180,7300,1500,1500,1,2,1,1
76,180,2400,1800,1800,1,1,1,1
76,200,4200,11,1600,1,7,1,1
78,185,6200,2200,2200,1,2,1,1
75,175,6700,1,1,1,3,1,1
78,182,5500,559,559,1,2,1,1
76,180,5000,2800,527,1,3,1,1
80,185,4600,775,775,1,1,1,1
76,190,4700,402,402,1,1,1,1
76,170,4400,795,795,1,2,1,1
76,165,1300,21000,108,1,4,1,1
76,175,3500,1,641,1,1,1,1
76,170,2100,1100,1100,1,2,1,1
74,165,2900,448,448,1,6,1,1
79,195,2800,505,505,1,1,2,2
76,185,17100,0,17100,1,2,1,1
78,180,1900,1600,1600,1,1,2,2
75,190,3400,0,3400,1,4,1,1
75,170,1200,0,1200,1,1,1,1
76,180,2200,0,2200,1,1,1,1
79,215,12300,2000,2000,1,2,1,1
79,200,7100,280,2700,1,4,1,1
79,175,8400,28000,1500,1,2,1,1
78,205,6000,670,2900,1,1,1,1
81,195,5400,149,1500,1,2,1,1
79,190,6100,2300,2000,10,6,1,1
78,185,5500,687,687,1,1,2,2
79,180,10100,452,452,1,1,1,1
78,180,6300,1700,1700,1,1,1,1
82,175,10000,285,1500,1,3,1,1
80,185,14100,3200,3200,1,1,1,1
81,210,5400,1000,1000,1,1,1,1
80,160,9500,478,819,1,4,1,1
81,185,8900,668,668,2,3,1,1
76,201,8100,997,997,1,2,1,1
80,190,5200,1100,1500,1,2,1,1
82,195,7400,995,1400,1,3,1,1
78,180,6900,3100,1600,1,1,1,1
78,180,3300,1600,1600,1,1,1,1
79,185,6100,6900,1200,2,35,1,1
81,190,6800,1000,1000,1,7,1,1
80,180,6800,22,450,1,1,1,1
80,210,2200,1700,879,1,2,1,1
76,185,3000,1000,1000,1,1,1,1
79,175,2700,927,927,1,2,1,1
76,180,5500,969,969,1,1,1,1
79,195,5200,800,800,1,3,1,1
78,180,5300,387,387,1,1,1,1
80,170,5000,1100,1100,1,1,3,3
79,200,4600,2200,2200,2,35,1,1
79,175,5300,249,249,1,1,1,1
81,190,4600,97,3000,1,2,1,1
80,190,4000,1800,1800,1,1,1,1
79,195,4200,1100,1100,1,3,1,1
80,190,4000,1300,1300,1,1,1,1
79,180,3300,595,595,1,7,2,2
82,195,4500,463,463,1,1,1,1
78,180,7900,0,7900,1,2,1,1
79,170,2500,355,826,1,1,1,1
81,200,2100,1100,1100,1,1,1,1
80,240,2200,727,727,1,1,1,1
76,190,2100,189,807,1,2,1,1
79,190,1,1200,5700,5,7,1,1
79,180,949,251,251,1,1,1,1
80,185,159,1600,1600,1,6,1,1
80,175,1,1000,350,1,1,1,1
80,175,257,889,889,1,1,1,1
79,200,811,0,811,1,2,1,1
79,190,3600,0,3600,1,2,1,1
78,210,16600,0,16600,5,7,1,1
76,190,7400,338,1500,1,2,1,1
74,160,12600,1100,1100,1,5,1,1
74,195,7500,133,4100,1,1,1,1
76,180,12400,327,327,1,3,1,1
75,165,11500,4500,2100,1,2,1,1
74,165,4200,1700,1700,1,1,1,1
79,175,10100,153,1300,1,1,1,1
74,175,8600,1900,1900,1,1,1,1
76,170,6200,527,527,2,4,1,1
73,170,8800,6600,964,1,1,1,1
74,175,8600,3,552,1,7,1,1
75,180,7800,1900,974,1,6,1,1
73,170,4500,13700,892,1,1,1,1
75,170,5600,870,870,1,3,7,7
74,165,5200,1,799,1,1,1,1
75,180,4800,60,1200,1,2,1,1
75,180,4500,1200,1200,1,9,1,1
78,180,3900,2200,2200,1,1,1,1
75,170,3700,56,913,1,1,1,1
76,180,3400,876,876,1,3,3,3
75,160,3200,716,716,10,4,1,1
75,180,2000,628,628,1,1,1,1
75,185,1,67,737,1,1,1,1
